technology,country,experience_years,salary_usd,company_size
Python,Singapore,1,59302,Large
Node.js,Singapore,1,59302,Large
Express.js,Singapore,1,59302,Large
Django,Singapore,1,59302,Large
React,Singapore,1,59302,Large
TypeScript,Singapore,1,59302,Large
JavaScript,Malaysia,6,18497,Medium
Kubernetes,Malaysia,6,18497,Medium
Express.js,Malaysia,6,18497,Medium
Laravel,Malaysia,6,18497,Medium
Docker,Malaysia,6,18497,Medium
Git,Malaysia,6,18497,Medium
MySQL,Malaysia,6,18497,Medium
MySQL,Indonesia,5,48134,Large
Angular,Indonesia,5,48134,Large
Node.js,Indonesia,5,48134,Large
Git,Indonesia,5,48134,Large
C#,Malaysia,7,52632,Small
PHP,Malaysia,7,52632,Small
Vue.js,Malaysia,7,52632,Small
Linux,Malaysia,7,52632,Small
MongoDB,Malaysia,7,52632,Small
Java,Malaysia,7,52632,Small
Node.js,Malaysia,7,52632,Small
React,Malaysia,7,52632,Small
React,Malaysia,2,82331,Small
Python,Malaysia,2,82331,Small
PostgreSQL,Malaysia,2,82331,Small
MongoDB,Malaysia,2,82331,Small
PHP,Malaysia,2,82331,Small
Kubernetes,Malaysia,2,82331,Small
Git,Malaysia,2,82331,Small
TypeScript,Malaysia,2,82331,Small
Docker,Thailand,5,115661,Medium
Node.js,Thailand,5,115661,Medium
JavaScript,Thailand,5,115661,Medium
Vue.js,Singapore,3,90611,Large
AWS,Singapore,3,90611,Large
Git,Singapore,3,90611,Large
Express.js,Singapore,3,90611,Large
Angular,Singapore,3,90611,Large
TypeScript,Singapore,3,90611,Large
Docker,Singapore,3,90611,Large
JavaScript,Singapore,3,90611,Large
JavaScript,Indonesia,13,56694,Small
Vue.js,Indonesia,13,56694,Small
Docker,Indonesia,13,56694,Small
Kubernetes,Indonesia,13,56694,Small
PostgreSQL,Indonesia,13,56694,Small
Linux,Indonesia,13,56694,Small
PostgreSQL,Indonesia,11,32694,Small
TypeScript,Indonesia,11,32694,Small
C++,Indonesia,11,32694,Small
C#,Indonesia,11,32694,Small
Django,Malaysia,2,18842,Large
JavaScript,Malaysia,2,18842,Large
Vue.js,Malaysia,2,18842,Large
Java,Malaysia,2,18842,Large
Kubernetes,Malaysia,2,18842,Large
Azure,Malaysia,2,18842,Large
Git,Malaysia,2,18842,Large
Laravel,Malaysia,8,45003,Small
Docker,Malaysia,8,45003,Small
Azure,Malaysia,8,45003,Small
Git,Malaysia,8,45003,Small
Spring Boot,Malaysia,13,80620,Small
Python,Malaysia,13,80620,Small
AWS,Malaysia,13,80620,Small
Azure,Singapore,9,32247,Small
Git,Singapore,9,32247,Small
Laravel,Singapore,9,32247,Small
Spring Boot,Singapore,9,32247,Small
PostgreSQL,Singapore,9,32247,Small
React,Thailand,11,60209,Small
Angular,Thailand,11,60209,Small
Docker,Thailand,11,60209,Small
Linux,Thailand,11,60209,Small
Azure,Thailand,11,60209,Small
Python,Thailand,11,60209,Small
AWS,Thailand,11,60209,Small
Git,Thailand,11,60209,Small
React,Malaysia,8,47819,Large
MongoDB,Malaysia,8,47819,Large
PostgreSQL,Malaysia,8,47819,Large
Python,Malaysia,8,47819,Large
Laravel,Indonesia,6,75483,Small
C#,Indonesia,6,75483,Small
AWS,Indonesia,6,75483,Small
JavaScript,Indonesia,6,75483,Small
Python,Indonesia,6,75483,Small
Git,Indonesia,6,75483,Small
Kubernetes,Indonesia,6,75483,Small
Express.js,Indonesia,6,75483,Small
JavaScript,Malaysia,8,39804,Small
Java,Malaysia,8,39804,Small
MongoDB,Malaysia,8,39804,Small
React,Malaysia,8,39804,Small
Kubernetes,Malaysia,8,39804,Small
Django,Malaysia,8,39804,Small
PHP,Malaysia,8,39804,Small
Vue.js,Malaysia,2,45799,Medium
JavaScript,Malaysia,2,45799,Medium
PHP,Malaysia,2,45799,Medium
C#,Malaysia,2,45799,Medium
C++,Malaysia,2,45799,Medium
AWS,Malaysia,2,45799,Medium
Laravel,Malaysia,2,45799,Medium
Python,Malaysia,2,45799,Medium
Kubernetes,Singapore,10,33770,Medium
Express.js,Singapore,10,33770,Medium
Spring Boot,Singapore,10,33770,Medium
Docker,Singapore,10,33770,Medium
Python,Singapore,10,33770,Medium
Node.js,Malaysia,3,37297,Small
React,Malaysia,3,37297,Small
Django,Malaysia,3,37297,Small
C++,Malaysia,3,37297,Small
Azure,Indonesia,15,43322,Small
Spring Boot,Indonesia,15,43322,Small
Express.js,Indonesia,15,43322,Small
MongoDB,Indonesia,15,43322,Small
Node.js,Indonesia,15,43322,Small
TypeScript,Indonesia,11,16349,Small
Docker,Indonesia,11,16349,Small
PHP,Indonesia,11,16349,Small
Linux,Indonesia,11,16349,Small
C++,Indonesia,11,16349,Small
PHP,Singapore,13,54602,Small
Java,Singapore,13,54602,Small
Angular,Singapore,13,54602,Small
Spring Boot,Singapore,13,54602,Small
Azure,Singapore,13,54602,Small
Linux,Singapore,13,54602,Small
JavaScript,Thailand,14,29012,Large
PHP,Thailand,14,29012,Large
Express.js,Thailand,14,29012,Large
Python,Thailand,14,29012,Large
MongoDB,Thailand,14,29012,Large
AWS,Indonesia,6,51956,Large
Node.js,Indonesia,6,51956,Large
JavaScript,Indonesia,6,51956,Large
Laravel,Indonesia,6,51956,Large
Angular,Indonesia,6,51956,Large
Linux,Indonesia,6,51956,Large
C++,Indonesia,6,51956,Large
Git,Indonesia,6,51956,Large
PostgreSQL,Malaysia,1,47511,Small
C++,Malaysia,1,47511,Small
JavaScript,Malaysia,1,47511,Small
Angular,Malaysia,1,47511,Small
Vue.js,Thailand,13,119140,Large
AWS,Thailand,13,119140,Large
Git,Thailand,13,119140,Large
PostgreSQL,Thailand,13,119140,Large
Express.js,Thailand,13,119140,Large
Azure,Thailand,13,119140,Large
Docker,Thailand,13,119140,Large
Linux,Thailand,13,119140,Large
Laravel,Indonesia,7,79474,Large
Python,Indonesia,7,79474,Large
Express.js,Indonesia,7,79474,Large
AWS,Indonesia,7,79474,Large
TypeScript,Indonesia,7,79474,Large
PHP,Indonesia,7,79474,Large
Express.js,Indonesia,15,49516,Small
Python,Indonesia,15,49516,Small
Django,Indonesia,15,49516,Small
AWS,Indonesia,15,49516,Small
Linux,Thailand,13,113310,Large
Azure,Thailand,13,113310,Large
Angular,Thailand,13,113310,Large
C++,Thailand,13,113310,Large
MySQL,Thailand,13,113310,Large
PostgreSQL,Thailand,13,113310,Large
Git,Thailand,13,113310,Large
MongoDB,Thailand,13,113310,Large
Express.js,Indonesia,5,114059,Medium
Linux,Indonesia,5,114059,Medium
Angular,Indonesia,5,114059,Medium
Node.js,Indonesia,5,114059,Medium
Java,Indonesia,13,23483,Large
Node.js,Indonesia,13,23483,Large
Kubernetes,Indonesia,13,23483,Large
AWS,Indonesia,13,23483,Large
Linux,Indonesia,13,23483,Large
Python,Indonesia,13,23483,Large
MongoDB,Indonesia,13,23483,Large
AWS,Indonesia,15,92491,Large
C++,Indonesia,15,92491,Large
Linux,Indonesia,15,92491,Large
Kubernetes,Indonesia,11,75915,Small
Docker,Indonesia,11,75915,Small
TypeScript,Indonesia,11,75915,Small
PostgreSQL,Indonesia,11,75915,Small
JavaScript,Indonesia,11,75915,Small
Python,Indonesia,11,75915,Small
Java,Thailand,5,93613,Small
C++,Thailand,5,93613,Small
Angular,Thailand,5,93613,Small
AWS,Thailand,5,93613,Small
Kubernetes,Thailand,5,93613,Small
Azure,Thailand,5,93613,Small
JavaScript,Thailand,5,93613,Small
MongoDB,Thailand,5,93613,Small
Django,Indonesia,12,34004,Medium
Laravel,Indonesia,12,34004,Medium
Docker,Indonesia,12,34004,Medium
PHP,Malaysia,12,31682,Medium
PostgreSQL,Malaysia,12,31682,Medium
Azure,Malaysia,12,31682,Medium
Kubernetes,Malaysia,12,31682,Medium
Python,Malaysia,12,31682,Medium
Express.js,Malaysia,12,31682,Medium
MongoDB,Malaysia,12,31682,Medium
C#,Singapore,10,54776,Medium
Laravel,Singapore,10,54776,Medium
Java,Singapore,10,54776,Medium
React,Malaysia,1,40919,Small
C#,Malaysia,1,40919,Small
Django,Malaysia,1,40919,Small
Git,Malaysia,1,40919,Small
JavaScript,Malaysia,1,40919,Small
Kubernetes,Malaysia,1,40919,Small
MySQL,Malaysia,15,46185,Large
Kubernetes,Malaysia,15,46185,Large
Angular,Malaysia,15,46185,Large
Python,Malaysia,15,46185,Large
Spring Boot,Malaysia,15,46185,Large
Vue.js,Malaysia,15,46185,Large
Laravel,Malaysia,15,46185,Large
C#,Malaysia,15,46185,Large
Vue.js,Thailand,3,104640,Small
Azure,Thailand,3,104640,Small
Git,Thailand,3,104640,Small
Node.js,Thailand,3,104640,Small
AWS,Thailand,10,69915,Medium
C#,Thailand,10,69915,Medium
Angular,Thailand,10,69915,Medium
React,Thailand,10,69915,Medium
Linux,Thailand,10,69915,Medium
Node.js,Indonesia,9,44011,Small
Python,Indonesia,9,44011,Small
Spring Boot,Indonesia,9,44011,Small
MySQL,Indonesia,9,44011,Small
C++,Indonesia,9,44011,Small
Vue.js,Indonesia,9,44011,Small
Express.js,Indonesia,7,81164,Medium
C#,Indonesia,7,81164,Medium
Git,Indonesia,7,81164,Medium
Linux,Indonesia,7,81164,Medium
Azure,Indonesia,7,81164,Medium
Kubernetes,Indonesia,7,81164,Medium
Laravel,Malaysia,6,36795,Large
AWS,Malaysia,6,36795,Large
Git,Malaysia,6,36795,Large
Vue.js,Singapore,3,19743,Small
Python,Singapore,3,19743,Small
Express.js,Singapore,3,19743,Small
MySQL,Singapore,3,19743,Small
PostgreSQL,Singapore,3,19743,Small
C#,Singapore,3,19743,Small
Git,Singapore,3,19743,Small
MongoDB,Singapore,3,19743,Small
Express.js,Thailand,10,47082,Medium
Java,Thailand,10,47082,Medium
Spring Boot,Thailand,10,47082,Medium
C++,Thailand,10,47082,Medium
Vue.js,Thailand,10,47082,Medium
Node.js,Thailand,10,47082,Medium
Spring Boot,Thailand,3,88650,Large
MongoDB,Thailand,3,88650,Large
Express.js,Thailand,3,88650,Large
C#,Thailand,3,88650,Large
Azure,Indonesia,8,82193,Small
PostgreSQL,Indonesia,8,82193,Small
C++,Indonesia,8,82193,Small
Linux,Indonesia,8,82193,Small
Java,Malaysia,9,107833,Small
Linux,Malaysia,9,107833,Small
C++,Malaysia,9,107833,Small
Angular,Malaysia,9,107833,Small
React,Indonesia,3,20914,Small
C#,Indonesia,3,20914,Small
Git,Indonesia,3,20914,Small
Python,Indonesia,3,20914,Small
Java,Indonesia,3,20914,Small
MySQL,Indonesia,3,20914,Small
Docker,Indonesia,3,20914,Small
Angular,Malaysia,8,52189,Large
Node.js,Malaysia,8,52189,Large
Azure,Malaysia,8,52189,Large
MongoDB,Malaysia,8,52189,Large
Vue.js,Malaysia,8,52189,Large
AWS,Malaysia,8,52189,Large
Kubernetes,Malaysia,8,52189,Large
Python,Malaysia,8,52189,Large
AWS,Malaysia,14,102941,Large
Vue.js,Malaysia,14,102941,Large
Laravel,Malaysia,14,102941,Large
C#,Malaysia,14,102941,Large
Azure,Malaysia,14,102941,Large
C#,Indonesia,9,83312,Small
Node.js,Indonesia,9,83312,Small
Azure,Indonesia,9,83312,Small
MySQL,Indonesia,9,83312,Small
Django,Indonesia,9,83312,Small
MongoDB,Indonesia,9,83312,Small
Laravel,Thailand,12,16456,Large
Docker,Thailand,12,16456,Large
Linux,Thailand,12,16456,Large
PHP,Thailand,12,16456,Large
AWS,Thailand,12,16456,Large
Azure,Malaysia,5,111395,Medium
C#,Malaysia,5,111395,Medium
MongoDB,Malaysia,5,111395,Medium
Spring Boot,Malaysia,5,111395,Medium
Express.js,Thailand,8,76052,Medium
TypeScript,Thailand,8,76052,Medium
Docker,Thailand,8,76052,Medium
Python,Thailand,8,76052,Medium
Laravel,Malaysia,6,55311,Medium
MySQL,Malaysia,6,55311,Medium
Vue.js,Malaysia,6,55311,Medium
Linux,Malaysia,6,55311,Medium
TypeScript,Singapore,7,15421,Small
C#,Singapore,7,15421,Small
Node.js,Singapore,7,15421,Small
React,Singapore,7,15421,Small
Git,Singapore,2,90739,Large
Laravel,Singapore,2,90739,Large
Django,Singapore,2,90739,Large
Azure,Singapore,2,90739,Large
TypeScript,Singapore,2,90739,Large
C++,Singapore,2,90739,Large
Python,Thailand,15,33793,Large
Angular,Thailand,15,33793,Large
PostgreSQL,Thailand,15,33793,Large
Vue.js,Thailand,15,33793,Large
C++,Thailand,15,33793,Large
Angular,Indonesia,15,60615,Small
AWS,Indonesia,15,60615,Small
Python,Indonesia,15,60615,Small
Docker,Indonesia,15,60615,Small
Spring Boot,Indonesia,15,60615,Small
Kubernetes,Indonesia,15,60615,Small
Angular,Thailand,4,23020,Small
MongoDB,Thailand,4,23020,Small
MySQL,Thailand,4,23020,Small
Node.js,Thailand,4,23020,Small
Express.js,Thailand,4,23020,Small
Vue.js,Thailand,4,23020,Small
Kubernetes,Thailand,4,23020,Small
Laravel,Thailand,4,23020,Small
TypeScript,Malaysia,9,96332,Medium
Kubernetes,Malaysia,9,96332,Medium
Linux,Malaysia,9,96332,Medium
Python,Malaysia,9,96332,Medium
Git,Malaysia,9,96332,Medium
C#,Indonesia,13,36828,Medium
Angular,Indonesia,13,36828,Medium
Spring Boot,Indonesia,13,36828,Medium
MySQL,Indonesia,13,36828,Medium
Azure,Indonesia,2,61732,Small
JavaScript,Indonesia,2,61732,Small
C++,Indonesia,2,61732,Small
Laravel,Indonesia,2,61732,Small
Laravel,Thailand,9,56113,Large
Java,Thailand,9,56113,Large
Express.js,Thailand,9,56113,Large
TypeScript,Thailand,9,56113,Large
PHP,Thailand,9,56113,Large
Node.js,Singapore,12,109627,Medium
Git,Singapore,12,109627,Medium
React,Singapore,12,109627,Medium
Express.js,Singapore,12,109627,Medium
MongoDB,Singapore,12,109627,Medium
AWS,Singapore,12,109627,Medium
PHP,Singapore,12,109627,Medium
Laravel,Singapore,12,109627,Medium
Spring Boot,Indonesia,6,89826,Small
Docker,Indonesia,6,89826,Small
Kubernetes,Indonesia,6,89826,Small
Python,Indonesia,6,89826,Small
Node.js,Indonesia,6,89826,Small
Django,Malaysia,13,27805,Medium
Node.js,Malaysia,13,27805,Medium
C++,Malaysia,13,27805,Medium
React,Thailand,9,76944,Medium
AWS,Thailand,9,76944,Medium
Python,Thailand,9,76944,Medium
Docker,Thailand,9,76944,Medium
Angular,Thailand,9,76944,Medium
Linux,Thailand,9,76944,Medium
TypeScript,Thailand,9,76944,Medium
Vue.js,Singapore,15,84173,Small
Django,Singapore,15,84173,Small
React,Singapore,15,84173,Small
PHP,Singapore,15,84173,Small
TypeScript,Singapore,15,84173,Small
Spring Boot,Singapore,15,84173,Small
Git,Singapore,15,84173,Small
MySQL,Singapore,3,70778,Large
TypeScript,Singapore,3,70778,Large
Python,Singapore,3,70778,Large
JavaScript,Singapore,3,70778,Large
PHP,Singapore,3,70778,Large
Laravel,Singapore,3,70778,Large
C#,Singapore,3,70778,Large
Kubernetes,Indonesia,13,36349,Medium
Node.js,Indonesia,13,36349,Medium
Angular,Indonesia,13,36349,Medium
Azure,Indonesia,13,36349,Medium
Linux,Indonesia,13,36349,Medium
Java,Indonesia,13,36349,Medium
Docker,Indonesia,13,36349,Medium
AWS,Indonesia,13,36349,Medium
Git,Indonesia,3,45051,Small
Express.js,Indonesia,3,45051,Small
Node.js,Indonesia,3,45051,Small
Docker,Indonesia,3,45051,Small
Angular,Indonesia,3,45051,Small
Azure,Indonesia,3,45051,Small
C++,Indonesia,3,45051,Small
Angular,Indonesia,11,22700,Medium
PHP,Indonesia,11,22700,Medium
MySQL,Indonesia,11,22700,Medium
TypeScript,Indonesia,11,22700,Medium
Java,Indonesia,11,22700,Medium
Django,Indonesia,11,22700,Medium
Django,Indonesia,5,82060,Small
C++,Indonesia,5,82060,Small
Python,Indonesia,5,82060,Small
Azure,Indonesia,5,82060,Small
TypeScript,Indonesia,5,82060,Small
PostgreSQL,Indonesia,5,82060,Small
Docker,Indonesia,5,82060,Small
Express.js,Indonesia,5,82060,Small
TypeScript,Singapore,11,50717,Small
PHP,Singapore,11,50717,Small
Node.js,Singapore,11,50717,Small
PostgreSQL,Singapore,11,50717,Small
JavaScript,Singapore,11,50717,Small
Django,Singapore,11,50717,Small
Git,Singapore,11,50717,Small
C#,Malaysia,9,92794,Small
Python,Malaysia,9,92794,Small
C++,Malaysia,9,92794,Small
MySQL,Malaysia,9,92794,Small
React,Malaysia,4,59257,Medium
Azure,Malaysia,4,59257,Medium
Django,Malaysia,4,59257,Medium
AWS,Malaysia,4,59257,Medium
PHP,Malaysia,4,59257,Medium
JavaScript,Malaysia,4,59257,Medium
Node.js,Malaysia,4,59257,Medium
MongoDB,Singapore,6,118212,Medium
AWS,Singapore,6,118212,Medium
Node.js,Singapore,6,118212,Medium
Linux,Singapore,6,118212,Medium
C++,Indonesia,3,20518,Medium
React,Indonesia,3,20518,Medium
Java,Indonesia,3,20518,Medium
Vue.js,Thailand,15,71879,Medium
Laravel,Thailand,15,71879,Medium
Git,Thailand,15,71879,Medium
Angular,Thailand,15,71879,Medium
MongoDB,Thailand,15,71879,Medium
JavaScript,Thailand,15,71879,Medium
Python,Thailand,15,71879,Medium
PHP,Thailand,15,71879,Medium
MongoDB,Singapore,8,97479,Small
Express.js,Singapore,8,97479,Small
Java,Singapore,8,97479,Small
Angular,Singapore,8,97479,Small
Kubernetes,Singapore,8,97479,Small
Docker,Thailand,15,66977,Medium
Node.js,Thailand,15,66977,Medium
Python,Thailand,15,66977,Medium
Vue.js,Thailand,15,66977,Medium
Spring Boot,Thailand,15,66977,Medium
AWS,Thailand,15,66977,Medium
Laravel,Thailand,15,66977,Medium
PostgreSQL,Thailand,15,66977,Medium
Spring Boot,Thailand,6,64428,Large
Linux,Thailand,6,64428,Large
C++,Thailand,6,64428,Large
Git,Thailand,6,64428,Large
C#,Thailand,6,64428,Large
Vue.js,Thailand,6,64428,Large
React,Indonesia,4,15849,Small
Express.js,Indonesia,4,15849,Small
Laravel,Indonesia,4,15849,Small
Azure,Indonesia,4,15849,Small
C#,Thailand,15,41636,Medium
MySQL,Thailand,15,41636,Medium
Django,Thailand,15,41636,Medium
Spring Boot,Thailand,15,41636,Medium
React,Thailand,15,41636,Medium
AWS,Thailand,15,41636,Medium
PostgreSQL,Thailand,15,41636,Medium
Express.js,Thailand,15,41636,Medium
JavaScript,Indonesia,12,51942,Small
PHP,Indonesia,12,51942,Small
PostgreSQL,Indonesia,12,51942,Small
Docker,Thailand,3,76181,Large
Express.js,Thailand,3,76181,Large
Laravel,Thailand,3,76181,Large
Python,Thailand,3,76181,Large
MongoDB,Indonesia,12,70103,Large
JavaScript,Indonesia,12,70103,Large
Java,Indonesia,12,70103,Large
AWS,Indonesia,12,70103,Large
C++,Indonesia,12,70103,Large
Vue.js,Indonesia,12,70103,Large
Vue.js,Singapore,13,47032,Small
MongoDB,Singapore,13,47032,Small
Python,Singapore,13,47032,Small
Git,Thailand,8,100742,Medium
JavaScript,Thailand,8,100742,Medium
TypeScript,Thailand,8,100742,Medium
C#,Thailand,8,100742,Medium
Linux,Malaysia,9,88418,Small
Vue.js,Malaysia,9,88418,Small
C++,Malaysia,9,88418,Small
Spring Boot,Malaysia,9,88418,Small
PostgreSQL,Malaysia,9,88418,Small
AWS,Malaysia,9,88418,Small
Docker,Malaysia,9,88418,Small
Python,Malaysia,9,88418,Small
Azure,Malaysia,6,38352,Medium
Node.js,Malaysia,6,38352,Medium
Vue.js,Malaysia,6,38352,Medium
Docker,Malaysia,6,38352,Medium
MySQL,Malaysia,6,38352,Medium
TypeScript,Malaysia,6,38352,Medium
Node.js,Indonesia,5,67397,Medium
Express.js,Indonesia,5,67397,Medium
Azure,Indonesia,5,67397,Medium
C++,Indonesia,5,67397,Medium
PHP,Indonesia,5,67397,Medium
Django,Indonesia,6,117227,Small
Laravel,Indonesia,6,117227,Small
Docker,Indonesia,6,117227,Small
Python,Indonesia,6,117227,Small
MongoDB,Indonesia,6,117227,Small
Vue.js,Indonesia,6,117227,Small
JavaScript,Indonesia,6,117227,Small
Node.js,Indonesia,6,117227,Small
PHP,Malaysia,14,94771,Large
Azure,Malaysia,14,94771,Large
Docker,Malaysia,14,94771,Large
React,Malaysia,14,94771,Large
Spring Boot,Malaysia,14,94771,Large
PostgreSQL,Malaysia,14,94771,Large
Linux,Malaysia,14,94771,Large
TypeScript,Malaysia,7,33111,Medium
PHP,Malaysia,7,33111,Medium
Vue.js,Malaysia,7,33111,Medium
Laravel,Malaysia,7,33111,Medium
C#,Malaysia,7,33111,Medium
Docker,Malaysia,7,33111,Medium
AWS,Malaysia,7,33111,Medium
JavaScript,Malaysia,7,33111,Medium
Django,Thailand,11,101245,Small
Linux,Thailand,11,101245,Small
MySQL,Thailand,11,101245,Small
MongoDB,Thailand,13,98876,Small
Docker,Thailand,13,98876,Small
Node.js,Thailand,13,98876,Small
Spring Boot,Indonesia,13,71299,Medium
Git,Indonesia,13,71299,Medium
MongoDB,Indonesia,13,71299,Medium
Angular,Indonesia,13,71299,Medium
Linux,Indonesia,13,71299,Medium
TypeScript,Indonesia,13,71299,Medium
React,Indonesia,13,71299,Medium
Python,Indonesia,13,71299,Medium
MySQL,Malaysia,2,57729,Small
React,Malaysia,2,57729,Small
TypeScript,Malaysia,2,57729,Small
PostgreSQL,Malaysia,2,57729,Small
Django,Malaysia,2,57729,Small
Laravel,Malaysia,2,57729,Small
TypeScript,Indonesia,2,59638,Medium
Python,Indonesia,2,59638,Medium
C#,Indonesia,2,59638,Medium
MongoDB,Indonesia,2,59638,Medium
MySQL,Indonesia,2,59638,Medium
Express.js,Indonesia,2,59638,Medium
Angular,Indonesia,2,59638,Medium
Java,Thailand,6,74672,Large
Python,Thailand,6,74672,Large
AWS,Thailand,6,74672,Large
Spring Boot,Thailand,6,74672,Large
Node.js,Thailand,6,74672,Large
Django,Singapore,4,22080,Large
React,Singapore,4,22080,Large
Java,Singapore,4,22080,Large
Laravel,Singapore,4,22080,Large
Docker,Singapore,4,22080,Large
AWS,Singapore,4,22080,Large
Kubernetes,Indonesia,13,46838,Small
MySQL,Indonesia,13,46838,Small
C#,Indonesia,13,46838,Small
Docker,Indonesia,13,46838,Small
Vue.js,Indonesia,10,80149,Medium
MongoDB,Indonesia,10,80149,Medium
Docker,Indonesia,10,80149,Medium
AWS,Indonesia,10,80149,Medium
MongoDB,Thailand,10,92866,Medium
Express.js,Thailand,10,92866,Medium
React,Thailand,10,92866,Medium
Kubernetes,Thailand,10,92866,Medium
C#,Thailand,10,92866,Medium
C#,Singapore,3,104393,Small
Django,Singapore,3,104393,Small
Express.js,Singapore,3,104393,Small
Java,Singapore,3,104393,Small
Docker,Singapore,3,104393,Small
Vue.js,Singapore,3,104393,Small
JavaScript,Singapore,11,95608,Large
Express.js,Singapore,11,95608,Large
TypeScript,Singapore,11,95608,Large
Java,Singapore,11,95608,Large
PostgreSQL,Singapore,11,95608,Large
Laravel,Singapore,11,95608,Large
Node.js,Singapore,11,95608,Large
PHP,Malaysia,14,100583,Medium
C++,Malaysia,14,100583,Medium
Express.js,Malaysia,14,100583,Medium
C#,Malaysia,14,100583,Medium
Kubernetes,Malaysia,14,100583,Medium
MongoDB,Thailand,6,99942,Small
PHP,Thailand,6,99942,Small
Kubernetes,Thailand,6,99942,Small
Express.js,Thailand,6,99942,Small
Azure,Thailand,6,99942,Small
Linux,Malaysia,8,102816,Small
Express.js,Malaysia,8,102816,Small
Java,Malaysia,8,102816,Small
Vue.js,Malaysia,8,102816,Small
C++,Malaysia,8,102816,Small
Java,Indonesia,15,115491,Medium
PHP,Indonesia,15,115491,Medium
Azure,Indonesia,15,115491,Medium
PostgreSQL,Indonesia,15,115491,Medium
Spring Boot,Indonesia,15,115491,Medium
AWS,Singapore,11,117052,Small
Django,Singapore,11,117052,Small
Python,Singapore,11,117052,Small
React,Singapore,11,117052,Small
TypeScript,Singapore,11,117052,Small
PHP,Singapore,11,117052,Small
Django,Thailand,13,43051,Large
Spring Boot,Thailand,13,43051,Large
Linux,Thailand,13,43051,Large
JavaScript,Thailand,13,43051,Large
C++,Thailand,13,43051,Large
Vue.js,Thailand,13,43051,Large
MongoDB,Thailand,13,43051,Large
MySQL,Indonesia,5,107586,Small
Docker,Indonesia,5,107586,Small
TypeScript,Indonesia,5,107586,Small
PostgreSQL,Indonesia,5,107586,Small
C#,Singapore,5,108026,Medium
Vue.js,Singapore,5,108026,Medium
AWS,Singapore,5,108026,Medium
Spring Boot,Singapore,5,108026,Medium
C++,Malaysia,2,32058,Small
AWS,Malaysia,2,32058,Small
Kubernetes,Malaysia,2,32058,Small
MySQL,Malaysia,2,32058,Small
React,Malaysia,2,32058,Small
Spring Boot,Malaysia,2,32058,Small
Laravel,Malaysia,2,32058,Small
Java,Malaysia,2,32058,Small
Spring Boot,Indonesia,1,52613,Large
JavaScript,Indonesia,1,52613,Large
Docker,Indonesia,1,52613,Large
Node.js,Indonesia,1,52613,Large
Laravel,Malaysia,8,80885,Large
Angular,Malaysia,8,80885,Large
Azure,Malaysia,8,80885,Large
Express.js,Malaysia,8,80885,Large
MongoDB,Malaysia,8,80885,Large
Angular,Indonesia,8,57008,Large
Python,Indonesia,8,57008,Large
Laravel,Indonesia,8,57008,Large
C#,Indonesia,8,57008,Large
MySQL,Indonesia,8,57008,Large
C++,Indonesia,8,57008,Large
Java,Indonesia,8,57008,Large
PHP,Thailand,3,93819,Small
Kubernetes,Thailand,3,93819,Small
Azure,Thailand,3,93819,Small
JavaScript,Thailand,3,93819,Small
Django,Thailand,3,93819,Small
Angular,Thailand,3,93819,Small
Git,Thailand,3,93819,Small
C#,Thailand,3,93819,Small
Linux,Singapore,6,15125,Large
Azure,Singapore,6,15125,Large
Node.js,Singapore,6,15125,Large
Java,Singapore,6,15125,Large
PHP,Singapore,6,15125,Large
PostgreSQL,Malaysia,2,46303,Medium
Java,Malaysia,2,46303,Medium
Docker,Malaysia,2,46303,Medium
PHP,Malaysia,2,46303,Medium
C#,Malaysia,2,46303,Medium
Angular,Malaysia,2,46303,Medium
React,Singapore,13,82553,Medium
Vue.js,Singapore,13,82553,Medium
AWS,Singapore,13,82553,Medium
Python,Singapore,13,82553,Medium
MongoDB,Singapore,13,82553,Medium
Angular,Singapore,13,82553,Medium
Kubernetes,Thailand,13,57851,Medium
C#,Thailand,13,57851,Medium
Java,Thailand,13,57851,Medium
TypeScript,Thailand,13,57851,Medium
React,Thailand,13,57851,Medium
Django,Indonesia,6,107079,Small
Azure,Indonesia,6,107079,Small
React,Indonesia,6,107079,Small
AWS,Indonesia,6,107079,Small
Python,Indonesia,6,107079,Small
Node.js,Singapore,9,75498,Small
C++,Singapore,9,75498,Small
Git,Singapore,9,75498,Small
Laravel,Singapore,9,75498,Small
Python,Singapore,9,75498,Small
PostgreSQL,Singapore,9,75498,Small
TypeScript,Singapore,9,75498,Small
Docker,Singapore,9,75498,Small
AWS,Malaysia,14,38434,Medium
MongoDB,Malaysia,14,38434,Medium
React,Malaysia,14,38434,Medium
MySQL,Malaysia,14,38434,Medium
PostgreSQL,Malaysia,14,38434,Medium
JavaScript,Thailand,2,82675,Small
AWS,Thailand,2,82675,Small
Linux,Thailand,2,82675,Small
MongoDB,Thailand,2,82675,Small
Kubernetes,Thailand,2,82675,Small
Express.js,Indonesia,11,68634,Medium
Django,Indonesia,11,68634,Medium
MySQL,Indonesia,11,68634,Medium
JavaScript,Indonesia,11,68634,Medium
React,Indonesia,11,68634,Medium
Node.js,Singapore,3,85127,Large
TypeScript,Singapore,3,85127,Large
Java,Singapore,3,85127,Large
Spring Boot,Singapore,3,85127,Large
Laravel,Singapore,3,85127,Large
Django,Singapore,3,85127,Large
AWS,Singapore,3,85127,Large
C#,Indonesia,9,47363,Medium
Angular,Indonesia,9,47363,Medium
MongoDB,Indonesia,9,47363,Medium
React,Indonesia,11,31322,Medium
C++,Indonesia,11,31322,Medium
MySQL,Indonesia,11,31322,Medium
Git,Indonesia,11,31322,Medium
JavaScript,Indonesia,11,31322,Medium
Node.js,Indonesia,11,31322,Medium
Java,Indonesia,11,31322,Medium
Kubernetes,Malaysia,14,100027,Medium
Azure,Malaysia,14,100027,Medium
Express.js,Malaysia,14,100027,Medium
Django,Malaysia,14,100027,Medium
JavaScript,Malaysia,14,100027,Medium
Node.js,Malaysia,14,100027,Medium
C#,Malaysia,15,63384,Small
Docker,Malaysia,15,63384,Small
Azure,Malaysia,15,63384,Small
Laravel,Malaysia,15,63384,Small
Django,Malaysia,15,63384,Small
Django,Malaysia,6,46334,Medium
PHP,Malaysia,6,46334,Medium
Linux,Malaysia,6,46334,Medium
Laravel,Indonesia,6,75404,Large
Vue.js,Indonesia,6,75404,Large
Spring Boot,Indonesia,6,75404,Large
Django,Indonesia,6,75404,Large
Laravel,Malaysia,10,89035,Large
Linux,Malaysia,10,89035,Large
Django,Malaysia,10,89035,Large
TypeScript,Malaysia,10,89035,Large
MySQL,Malaysia,10,89035,Large
Git,Malaysia,10,89035,Large
Express.js,Malaysia,10,89035,Large
JavaScript,Malaysia,10,89035,Large
PHP,Singapore,14,77412,Medium
Django,Singapore,14,77412,Medium
React,Singapore,14,77412,Medium
Docker,Singapore,14,77412,Medium
Spring Boot,Singapore,14,77412,Medium
AWS,Singapore,14,77412,Medium
MongoDB,Singapore,14,77412,Medium
Express.js,Singapore,14,77412,Medium
Linux,Indonesia,11,69809,Small
Laravel,Indonesia,11,69809,Small
AWS,Indonesia,11,69809,Small
Java,Indonesia,11,69809,Small
Azure,Indonesia,11,69809,Small
Express.js,Indonesia,11,69809,Small
MySQL,Indonesia,11,69809,Small
TypeScript,Indonesia,11,62897,Large
Python,Indonesia,11,62897,Large
JavaScript,Indonesia,11,62897,Large
Java,Indonesia,11,62897,Large
C#,Indonesia,11,62897,Large
MongoDB,Indonesia,11,62897,Large
Kubernetes,Indonesia,11,62897,Large
Linux,Indonesia,11,119955,Small
MongoDB,Indonesia,11,119955,Small
Laravel,Indonesia,11,119955,Small
PostgreSQL,Indonesia,11,119955,Small
Python,Indonesia,11,119955,Small
Java,Thailand,12,73701,Large
Azure,Thailand,12,73701,Large
MongoDB,Thailand,12,73701,Large
Spring Boot,Thailand,12,73701,Large
PostgreSQL,Thailand,12,73701,Large
Python,Singapore,12,69146,Medium
Docker,Singapore,12,69146,Medium
AWS,Singapore,12,69146,Medium
C#,Singapore,12,69146,Medium
Kubernetes,Singapore,12,69146,Medium
Java,Singapore,12,69146,Medium
C++,Singapore,12,69146,Medium
Kubernetes,Indonesia,8,19562,Medium
Laravel,Indonesia,8,19562,Medium
Azure,Indonesia,8,19562,Medium
PHP,Indonesia,8,19562,Medium
PostgreSQL,Indonesia,8,19562,Medium
Python,Indonesia,8,19562,Medium
Git,Indonesia,8,19562,Medium
C++,Malaysia,13,104500,Medium
Git,Malaysia,13,104500,Medium
React,Malaysia,13,104500,Medium
C#,Malaysia,13,104500,Medium
JavaScript,Malaysia,13,104500,Medium
Django,Thailand,1,34004,Large
Java,Thailand,1,34004,Large
Git,Thailand,1,34004,Large
MongoDB,Thailand,1,34004,Large
Python,Thailand,1,34004,Large
C#,Thailand,10,48719,Medium
Django,Thailand,10,48719,Medium
Docker,Thailand,10,48719,Medium
Kubernetes,Thailand,10,48719,Medium
Azure,Thailand,10,48719,Medium
PHP,Thailand,10,48719,Medium
JavaScript,Thailand,10,48719,Medium
Linux,Thailand,10,48719,Medium
Vue.js,Singapore,6,29231,Medium
C++,Singapore,6,29231,Medium
Azure,Singapore,6,29231,Medium
Angular,Singapore,6,29231,Medium
MySQL,Singapore,6,29231,Medium
Node.js,Singapore,6,29231,Medium
JavaScript,Singapore,6,29231,Medium
Python,Thailand,11,38534,Large
Node.js,Thailand,11,38534,Large
Git,Thailand,11,38534,Large
Spring Boot,Thailand,11,38534,Large
Azure,Thailand,11,38534,Large
Kubernetes,Thailand,10,21532,Large
Django,Thailand,10,21532,Large
Docker,Thailand,10,21532,Large
JavaScript,Thailand,10,21532,Large
AWS,Thailand,10,21532,Large
Vue.js,Thailand,10,21532,Large
Spring Boot,Thailand,10,21532,Large
React,Thailand,4,33258,Large
Angular,Thailand,4,33258,Large
Express.js,Thailand,4,33258,Large
C++,Singapore,5,49388,Medium
AWS,Singapore,5,49388,Medium
Docker,Singapore,5,49388,Medium
Spring Boot,Singapore,5,49388,Medium
Laravel,Singapore,5,49388,Medium
JavaScript,Singapore,5,49388,Medium
Kubernetes,Singapore,5,22954,Large
Linux,Singapore,5,22954,Large
Git,Singapore,5,22954,Large
MySQL,Singapore,5,22954,Large
React,Singapore,5,22954,Large
TypeScript,Singapore,5,22954,Large
Express.js,Thailand,9,59850,Large
Angular,Thailand,9,59850,Large
Azure,Thailand,9,59850,Large
Node.js,Thailand,9,59850,Large
Express.js,Singapore,12,71827,Small
TypeScript,Singapore,12,71827,Small
Django,Singapore,12,71827,Small
Kubernetes,Singapore,12,71827,Small
Linux,Singapore,12,71827,Small
Angular,Singapore,12,71827,Small
Docker,Singapore,8,18492,Medium
AWS,Singapore,8,18492,Medium
Spring Boot,Singapore,8,18492,Medium
C++,Singapore,8,18492,Medium
Azure,Singapore,8,18492,Medium
Express.js,Singapore,2,75236,Medium
TypeScript,Singapore,2,75236,Medium
Python,Singapore,2,75236,Medium
JavaScript,Indonesia,9,49280,Medium
Laravel,Indonesia,9,49280,Medium
C#,Indonesia,9,49280,Medium
C++,Indonesia,9,49280,Medium
C++,Singapore,6,45436,Small
React,Singapore,6,45436,Small
Vue.js,Singapore,6,45436,Small
Laravel,Singapore,6,45436,Small
Azure,Indonesia,4,32086,Medium
Laravel,Indonesia,4,32086,Medium
Linux,Indonesia,4,32086,Medium
Angular,Indonesia,11,56370,Large
AWS,Indonesia,11,56370,Large
Kubernetes,Indonesia,11,56370,Large
Docker,Indonesia,11,56370,Large
MySQL,Indonesia,11,56370,Large
Linux,Indonesia,11,56370,Large
Python,Malaysia,14,24120,Medium
Linux,Malaysia,14,24120,Medium
Kubernetes,Malaysia,14,24120,Medium
Spring Boot,Malaysia,14,24120,Medium
Node.js,Malaysia,14,24120,Medium
TypeScript,Malaysia,14,24120,Medium
Laravel,Malaysia,14,24120,Medium
MySQL,Malaysia,14,24120,Medium
Azure,Malaysia,11,55543,Large
C#,Malaysia,11,55543,Large
Spring Boot,Malaysia,11,55543,Large
Git,Malaysia,11,55543,Large
Linux,Malaysia,11,55543,Large
PHP,Malaysia,11,90430,Medium
Azure,Malaysia,11,90430,Medium
Linux,Malaysia,11,90430,Medium
PostgreSQL,Singapore,3,20228,Medium
MongoDB,Singapore,3,20228,Medium
Linux,Singapore,3,20228,Medium
C++,Singapore,3,20228,Medium
Django,Singapore,3,20228,Medium
TypeScript,Singapore,3,20228,Medium
PostgreSQL,Malaysia,3,64766,Large
PHP,Malaysia,3,64766,Large
MongoDB,Malaysia,3,64766,Large
Spring Boot,Malaysia,3,64766,Large
Docker,Malaysia,3,64766,Large
Azure,Singapore,1,107232,Large
AWS,Singapore,1,107232,Large
Git,Singapore,1,107232,Large
Docker,Singapore,1,107232,Large
JavaScript,Singapore,1,107232,Large
Django,Singapore,1,107232,Large
PostgreSQL,Singapore,1,107232,Large
Django,Thailand,2,29692,Medium
PostgreSQL,Thailand,2,29692,Medium
Angular,Thailand,2,29692,Medium
Docker,Thailand,2,29692,Medium
C++,Thailand,2,29692,Medium
Python,Thailand,15,15134,Large
Laravel,Thailand,15,15134,Large
Linux,Thailand,15,15134,Large
Django,Thailand,15,15134,Large
Kubernetes,Thailand,15,15134,Large
PHP,Thailand,15,15134,Large
MongoDB,Thailand,15,15134,Large
Python,Malaysia,13,65590,Medium
PostgreSQL,Malaysia,13,65590,Medium
Vue.js,Malaysia,13,65590,Medium
PHP,Malaysia,13,65590,Medium
React,Malaysia,13,65590,Medium
Git,Thailand,12,59976,Medium
JavaScript,Thailand,12,59976,Medium
React,Thailand,12,59976,Medium
Spring Boot,Thailand,12,59976,Medium
Azure,Thailand,12,59976,Medium
PostgreSQL,Indonesia,3,94473,Medium
Linux,Indonesia,3,94473,Medium
Express.js,Indonesia,3,94473,Medium
Java,Indonesia,14,51115,Medium
TypeScript,Indonesia,14,51115,Medium
Express.js,Indonesia,14,51115,Medium
Python,Indonesia,14,51115,Medium
C#,Indonesia,14,51115,Medium
AWS,Indonesia,14,51115,Medium
MongoDB,Indonesia,14,51115,Medium
Kubernetes,Indonesia,14,51115,Medium
JavaScript,Thailand,2,71825,Medium
Kubernetes,Thailand,2,71825,Medium
Express.js,Thailand,2,71825,Medium
Linux,Thailand,2,71825,Medium
Python,Thailand,2,71825,Medium
C#,Thailand,2,71825,Medium
Angular,Thailand,2,71825,Medium
C++,Thailand,2,71825,Medium
Laravel,Singapore,6,76275,Large
Kubernetes,Singapore,6,76275,Large
C#,Singapore,6,76275,Large
Django,Malaysia,15,43271,Medium
Laravel,Malaysia,15,43271,Medium
TypeScript,Malaysia,15,43271,Medium
Vue.js,Malaysia,15,43271,Medium
C#,Malaysia,15,43271,Medium
MySQL,Malaysia,15,43271,Medium
Kubernetes,Malaysia,15,43271,Medium
Git,Malaysia,7,75019,Small
AWS,Malaysia,7,75019,Small
Python,Malaysia,7,75019,Small
C++,Malaysia,7,75019,Small
PostgreSQL,Malaysia,7,75019,Small
Angular,Singapore,6,103801,Large
Laravel,Singapore,6,103801,Large
PostgreSQL,Singapore,6,103801,Large
Java,Indonesia,7,114056,Small
Docker,Indonesia,7,114056,Small
Django,Indonesia,7,114056,Small
C++,Indonesia,7,114056,Small
AWS,Indonesia,7,114056,Small
Node.js,Indonesia,7,114056,Small
Angular,Indonesia,4,33430,Large
PostgreSQL,Indonesia,4,33430,Large
JavaScript,Indonesia,4,33430,Large
PHP,Indonesia,4,33430,Large
Python,Indonesia,4,33430,Large
Express.js,Indonesia,4,33430,Large
TypeScript,Indonesia,4,33430,Large
Express.js,Malaysia,11,16476,Large
C++,Malaysia,11,16476,Large
TypeScript,Malaysia,11,16476,Large
Linux,Malaysia,11,16476,Large
Kubernetes,Malaysia,9,28344,Large
Java,Malaysia,9,28344,Large
MySQL,Malaysia,9,28344,Large
AWS,Malaysia,9,28344,Large
Laravel,Malaysia,9,28344,Large
PostgreSQL,Malaysia,9,28344,Large
MongoDB,Malaysia,9,28344,Large
Azure,Malaysia,9,28344,Large
Java,Malaysia,14,86629,Medium
Django,Malaysia,14,86629,Medium
Laravel,Malaysia,14,86629,Medium
JavaScript,Singapore,12,46146,Medium
Docker,Singapore,12,46146,Medium
Spring Boot,Singapore,12,46146,Medium
Linux,Singapore,12,46146,Medium
Vue.js,Singapore,12,46146,Medium
Laravel,Malaysia,11,61976,Medium
PHP,Malaysia,11,61976,Medium
Docker,Malaysia,11,61976,Medium
C++,Malaysia,11,61976,Medium
Docker,Malaysia,13,20747,Large
Python,Malaysia,13,20747,Large
Java,Malaysia,13,20747,Large
TypeScript,Malaysia,13,20747,Large
PostgreSQL,Malaysia,13,20747,Large
JavaScript,Malaysia,7,52894,Large
Git,Malaysia,7,52894,Large
C++,Malaysia,7,52894,Large
Vue.js,Malaysia,7,52894,Large
PostgreSQL,Malaysia,7,52894,Large
Linux,Malaysia,7,52894,Large
C#,Thailand,5,72488,Large
C++,Thailand,5,72488,Large
Vue.js,Thailand,5,72488,Large
Express.js,Thailand,5,72488,Large
Node.js,Thailand,5,72488,Large
C#,Indonesia,2,69414,Small
Spring Boot,Indonesia,2,69414,Small
Angular,Indonesia,2,69414,Small
TypeScript,Indonesia,2,69414,Small
Node.js,Indonesia,2,69414,Small
Express.js,Indonesia,2,69414,Small
MongoDB,Indonesia,2,69414,Small
Laravel,Indonesia,2,69414,Small
Angular,Malaysia,3,26931,Large
Java,Malaysia,3,26931,Large
MongoDB,Malaysia,3,26931,Large
Kubernetes,Malaysia,3,26931,Large
PostgreSQL,Singapore,6,49757,Medium
Laravel,Singapore,6,49757,Medium
JavaScript,Singapore,6,49757,Medium
Vue.js,Singapore,6,49757,Medium
PHP,Malaysia,13,21513,Small
Git,Malaysia,13,21513,Small
Laravel,Malaysia,13,21513,Small
C#,Malaysia,13,21513,Small
C#,Singapore,10,30405,Medium
Vue.js,Singapore,10,30405,Medium
Laravel,Singapore,10,30405,Medium
Linux,Malaysia,14,101060,Small
PHP,Malaysia,14,101060,Small
Node.js,Malaysia,14,101060,Small
Laravel,Malaysia,14,101060,Small
Docker,Malaysia,14,101060,Small
C#,Indonesia,8,96669,Medium
MySQL,Indonesia,8,96669,Medium
React,Indonesia,8,96669,Medium
TypeScript,Indonesia,8,96669,Medium
MongoDB,Indonesia,8,96669,Medium
C++,Indonesia,8,96669,Medium
Spring Boot,Indonesia,8,96669,Medium
React,Thailand,13,27095,Medium
MongoDB,Thailand,13,27095,Medium
C++,Thailand,13,27095,Medium
Git,Thailand,13,27095,Medium
Azure,Singapore,1,65742,Small
JavaScript,Singapore,1,65742,Small
React,Singapore,1,65742,Small
Kubernetes,Singapore,1,65742,Small
Angular,Malaysia,8,25536,Small
Java,Malaysia,8,25536,Small
MongoDB,Malaysia,8,25536,Small
C#,Malaysia,8,25536,Small
Vue.js,Malaysia,8,25536,Small
AWS,Malaysia,8,25536,Small
React,Indonesia,13,36080,Medium
C#,Indonesia,13,36080,Medium
Linux,Indonesia,13,36080,Medium
Git,Indonesia,13,36080,Medium
Azure,Indonesia,13,36080,Medium
JavaScript,Indonesia,13,36080,Medium
Linux,Singapore,6,77355,Medium
C#,Singapore,6,77355,Medium
PHP,Singapore,6,77355,Medium
Spring Boot,Singapore,6,77355,Medium
AWS,Singapore,6,77355,Medium
MongoDB,Singapore,6,77355,Medium
Git,Singapore,6,77355,Medium
Node.js,Singapore,6,77355,Medium
Git,Singapore,6,97062,Medium
Node.js,Singapore,6,97062,Medium
Kubernetes,Singapore,6,97062,Medium
Laravel,Singapore,6,97062,Medium
AWS,Thailand,12,65113,Small
Laravel,Thailand,12,65113,Small
Spring Boot,Thailand,12,65113,Small
Django,Thailand,12,65113,Small
Python,Thailand,12,65113,Small
Docker,Thailand,12,65113,Small
Azure,Indonesia,3,103258,Medium
Express.js,Indonesia,3,103258,Medium
C++,Indonesia,3,103258,Medium
React,Indonesia,3,103258,Medium
MySQL,Indonesia,3,103258,Medium
Django,Indonesia,3,103258,Medium
MongoDB,Indonesia,3,103258,Medium
PHP,Indonesia,10,96486,Small
Spring Boot,Indonesia,10,96486,Small
Linux,Indonesia,10,96486,Small
Azure,Indonesia,10,96486,Small
Kubernetes,Singapore,8,106030,Large
MongoDB,Singapore,8,106030,Large
PHP,Singapore,8,106030,Large
MySQL,Singapore,8,106030,Large
Django,Singapore,8,106030,Large
PostgreSQL,Singapore,8,106030,Large
Java,Thailand,2,67583,Medium
TypeScript,Thailand,2,67583,Medium
Django,Thailand,2,67583,Medium
Spring Boot,Thailand,2,67583,Medium
AWS,Thailand,2,67583,Medium
C#,Thailand,2,67583,Medium
Python,Thailand,2,67583,Medium
MySQL,Thailand,2,67583,Medium
C++,Malaysia,14,50628,Large
React,Malaysia,14,50628,Large
PostgreSQL,Malaysia,14,50628,Large
C#,Thailand,6,70214,Small
Linux,Thailand,6,70214,Small
Node.js,Thailand,6,70214,Small
Spring Boot,Thailand,6,70214,Small
Express.js,Thailand,6,70214,Small
Spring Boot,Singapore,1,16619,Medium
JavaScript,Singapore,1,16619,Medium
AWS,Singapore,1,16619,Medium
C++,Singapore,1,16619,Medium
MongoDB,Singapore,1,16619,Medium
Express.js,Singapore,1,16619,Medium
Git,Singapore,1,16619,Medium
Azure,Singapore,1,16619,Medium
React,Thailand,13,16262,Medium
Java,Thailand,13,16262,Medium
Azure,Thailand,13,16262,Medium
Spring Boot,Thailand,13,16262,Medium
Azure,Malaysia,5,38400,Medium
Express.js,Malaysia,5,38400,Medium
Spring Boot,Malaysia,5,38400,Medium
PHP,Malaysia,5,38400,Medium
AWS,Malaysia,5,38400,Medium
Vue.js,Malaysia,5,38400,Medium
Laravel,Malaysia,5,38400,Medium
Java,Malaysia,5,38400,Medium
Spring Boot,Indonesia,5,71651,Large
Git,Indonesia,5,71651,Large
Azure,Indonesia,5,71651,Large
Node.js,Indonesia,5,71651,Large
Django,Indonesia,5,71651,Large
Laravel,Indonesia,5,71651,Large
MySQL,Indonesia,5,71651,Large
JavaScript,Indonesia,5,71651,Large
Spring Boot,Indonesia,12,99976,Medium
Angular,Indonesia,12,99976,Medium
AWS,Indonesia,12,99976,Medium
Docker,Indonesia,12,99976,Medium
Java,Indonesia,6,107617,Small
Python,Indonesia,6,107617,Small
MongoDB,Indonesia,6,107617,Small
AWS,Indonesia,6,107617,Small
React,Indonesia,6,107617,Small
Vue.js,Indonesia,6,107617,Small
Spring Boot,Indonesia,6,107617,Small
Azure,Indonesia,6,107617,Small
Vue.js,Malaysia,14,85942,Large
Python,Malaysia,14,85942,Large
MySQL,Malaysia,14,85942,Large
C#,Malaysia,14,85942,Large
JavaScript,Malaysia,14,85942,Large
PostgreSQL,Malaysia,14,85942,Large
TypeScript,Malaysia,14,85942,Large
Django,Malaysia,11,58133,Small
TypeScript,Malaysia,11,58133,Small
Java,Malaysia,11,58133,Small
PostgreSQL,Malaysia,11,58133,Small
Git,Malaysia,11,58133,Small
Laravel,Malaysia,11,58133,Small
Vue.js,Malaysia,11,58133,Small
Node.js,Malaysia,11,58133,Small
Node.js,Indonesia,3,86749,Medium
Laravel,Indonesia,3,86749,Medium
Spring Boot,Indonesia,3,86749,Medium
Git,Indonesia,3,86749,Medium
TypeScript,Indonesia,3,86749,Medium
C#,Singapore,13,90877,Small
Node.js,Singapore,13,90877,Small
C++,Singapore,13,90877,Small
Java,Singapore,13,90877,Small
PostgreSQL,Singapore,13,90877,Small
Vue.js,Singapore,13,90877,Small
Spring Boot,Malaysia,9,30670,Medium
Java,Malaysia,9,30670,Medium
Git,Malaysia,9,30670,Medium
Node.js,Malaysia,9,30670,Medium
JavaScript,Indonesia,11,104824,Small
C#,Indonesia,11,104824,Small
MongoDB,Indonesia,11,104824,Small
Spring Boot,Indonesia,11,104824,Small
Docker,Indonesia,11,104824,Small
C#,Thailand,5,61040,Small
Docker,Thailand,5,61040,Small
Python,Thailand,5,61040,Small
TypeScript,Thailand,5,61040,Small
Kubernetes,Thailand,5,61040,Small
Angular,Thailand,5,61040,Small
React,Thailand,5,61040,Small
JavaScript,Thailand,5,61040,Small
React,Malaysia,15,57275,Small
Linux,Malaysia,15,57275,Small
Laravel,Malaysia,15,57275,Small
Express.js,Malaysia,15,57275,Small
Java,Malaysia,15,57275,Small
Azure,Malaysia,15,57275,Small
AWS,Malaysia,15,57275,Small
Laravel,Singapore,3,112558,Small
Angular,Singapore,3,112558,Small
C#,Singapore,3,112558,Small
JavaScript,Singapore,3,112558,Small
Vue.js,Singapore,3,112558,Small
TypeScript,Singapore,3,112558,Small
Express.js,Singapore,3,112558,Small
AWS,Singapore,3,112558,Small
MySQL,Singapore,12,73761,Medium
React,Singapore,12,73761,Medium
JavaScript,Singapore,12,73761,Medium
PostgreSQL,Indonesia,13,47181,Large
JavaScript,Indonesia,13,47181,Large
C++,Indonesia,13,47181,Large
Spring Boot,Indonesia,13,47181,Large
Kubernetes,Indonesia,13,47181,Large
React,Indonesia,8,117255,Medium
Node.js,Indonesia,8,117255,Medium
Java,Indonesia,8,117255,Medium
MySQL,Indonesia,8,117255,Medium
Angular,Indonesia,1,55081,Medium
TypeScript,Indonesia,1,55081,Medium
React,Indonesia,1,55081,Medium
React,Thailand,13,87898,Small
PHP,Thailand,13,87898,Small
Spring Boot,Thailand,13,87898,Small
MongoDB,Thailand,13,87898,Small
Docker,Thailand,13,87898,Small
Angular,Thailand,13,87898,Small
PostgreSQL,Thailand,13,87898,Small
PostgreSQL,Singapore,11,68186,Small
Angular,Singapore,11,68186,Small
Laravel,Singapore,11,68186,Small
Express.js,Singapore,11,68186,Small
Vue.js,Indonesia,4,43121,Medium
React,Indonesia,4,43121,Medium
Node.js,Indonesia,4,43121,Medium
TypeScript,Malaysia,12,97492,Large
Linux,Malaysia,12,97492,Large
Python,Malaysia,12,97492,Large
PostgreSQL,Malaysia,12,97492,Large
React,Malaysia,12,97492,Large
Git,Thailand,3,66844,Large
Express.js,Thailand,3,66844,Large
MongoDB,Thailand,3,66844,Large
Kubernetes,Indonesia,11,57931,Small
Git,Indonesia,11,57931,Small
TypeScript,Indonesia,11,57931,Small
Spring Boot,Indonesia,11,57931,Small
JavaScript,Indonesia,11,57931,Small
PHP,Indonesia,11,57931,Small
AWS,Malaysia,1,78176,Medium
Kubernetes,Malaysia,1,78176,Medium
JavaScript,Malaysia,1,78176,Medium
Python,Malaysia,1,78176,Medium
Django,Malaysia,1,78176,Medium
Angular,Malaysia,1,78176,Medium
Java,Malaysia,1,78176,Medium
PHP,Malaysia,1,78176,Medium
Kubernetes,Indonesia,1,111044,Medium
Git,Indonesia,1,111044,Medium
Azure,Indonesia,1,111044,Medium
Django,Indonesia,1,111044,Medium
Express.js,Indonesia,1,111044,Medium
Laravel,Indonesia,1,111044,Medium
Spring Boot,Indonesia,1,111044,Medium
Python,Indonesia,14,115410,Medium
TypeScript,Indonesia,14,115410,Medium
Kubernetes,Indonesia,14,115410,Medium
AWS,Indonesia,14,115410,Medium
AWS,Thailand,7,74461,Large
Azure,Thailand,7,74461,Large
PHP,Thailand,7,74461,Large
Express.js,Thailand,7,74461,Large
PostgreSQL,Thailand,7,74461,Large
Angular,Singapore,9,50853,Medium
MongoDB,Singapore,9,50853,Medium
PHP,Singapore,9,50853,Medium
MySQL,Singapore,9,50853,Medium
TypeScript,Singapore,10,31277,Large
C++,Singapore,10,31277,Large
Node.js,Singapore,10,31277,Large
AWS,Singapore,10,31277,Large
Spring Boot,Singapore,10,31277,Large
Java,Singapore,10,31277,Large
Docker,Singapore,3,35103,Medium
Spring Boot,Singapore,3,35103,Medium
Azure,Singapore,3,35103,Medium
Laravel,Singapore,3,35103,Medium
MySQL,Singapore,3,35103,Medium
Docker,Malaysia,11,38520,Medium
MySQL,Malaysia,11,38520,Medium
Vue.js,Malaysia,11,38520,Medium
Express.js,Malaysia,11,38520,Medium
C++,Malaysia,11,38520,Medium
Docker,Singapore,8,26431,Large
Angular,Singapore,8,26431,Large
Python,Singapore,8,26431,Large
React,Singapore,8,26431,Large
Linux,Singapore,8,26431,Large
Git,Singapore,8,26431,Large
PHP,Singapore,8,26431,Large
C++,Singapore,8,26431,Large
C++,Thailand,8,110758,Small
Linux,Thailand,8,110758,Small
Node.js,Thailand,8,110758,Small
Laravel,Thailand,8,110758,Small
C#,Thailand,8,110758,Small
Azure,Thailand,8,110758,Small
JavaScript,Thailand,8,110758,Small
Docker,Thailand,8,110758,Small
Vue.js,Singapore,13,110603,Small
PostgreSQL,Singapore,13,110603,Small
Laravel,Singapore,13,110603,Small
JavaScript,Singapore,13,110603,Small
Linux,Singapore,13,110603,Small
Django,Singapore,13,110603,Small
Git,Singapore,13,110603,Small
Python,Singapore,13,110603,Small
PHP,Malaysia,6,89471,Large
TypeScript,Malaysia,6,89471,Large
PostgreSQL,Malaysia,6,89471,Large
Azure,Malaysia,6,89471,Large
Java,Malaysia,6,89471,Large
Vue.js,Malaysia,6,89471,Large
React,Malaysia,6,89471,Large
Express.js,Indonesia,13,116792,Large
C++,Indonesia,13,116792,Large
PostgreSQL,Indonesia,13,116792,Large
Azure,Indonesia,13,116792,Large
Angular,Indonesia,13,116792,Large
JavaScript,Thailand,13,75746,Medium
Kubernetes,Thailand,13,75746,Medium
Git,Thailand,13,75746,Medium
Node.js,Thailand,13,75746,Medium
C#,Thailand,13,75746,Medium
Django,Thailand,13,75746,Medium
Azure,Thailand,13,75746,Medium
React,Singapore,7,97906,Medium
Azure,Singapore,7,97906,Medium
Linux,Singapore,7,97906,Medium
Git,Singapore,7,97906,Medium
Angular,Singapore,7,97906,Medium
Kubernetes,Indonesia,3,60274,Large
PostgreSQL,Indonesia,3,60274,Large
MySQL,Indonesia,3,60274,Large
Azure,Indonesia,3,60274,Large
Spring Boot,Indonesia,3,60274,Large
Docker,Indonesia,3,60274,Large
Java,Indonesia,3,60274,Large
MongoDB,Indonesia,3,60274,Large
Kubernetes,Singapore,2,90201,Large
Django,Singapore,2,90201,Large
Git,Singapore,2,90201,Large
Django,Indonesia,8,64071,Medium
Linux,Indonesia,8,64071,Medium
Azure,Indonesia,8,64071,Medium
Kubernetes,Indonesia,8,64071,Medium
Git,Malaysia,14,88246,Small
Express.js,Malaysia,14,88246,Small
Azure,Malaysia,14,88246,Small
Docker,Malaysia,14,88246,Small
MongoDB,Indonesia,1,84474,Small
Java,Indonesia,1,84474,Small
Git,Indonesia,1,84474,Small
React,Indonesia,3,112750,Small
Azure,Indonesia,3,112750,Small
MySQL,Indonesia,3,112750,Small
PostgreSQL,Indonesia,3,112750,Small
Python,Indonesia,3,112750,Small
Express.js,Indonesia,3,112750,Small
MongoDB,Indonesia,3,112750,Small
Angular,Indonesia,13,42548,Medium
Express.js,Indonesia,13,42548,Medium
Java,Indonesia,13,42548,Medium
MySQL,Indonesia,13,42548,Medium
PostgreSQL,Indonesia,13,42548,Medium
C++,Indonesia,13,42548,Medium
Azure,Indonesia,13,42548,Medium
JavaScript,Singapore,5,79492,Small
Express.js,Singapore,5,79492,Small
Java,Singapore,5,79492,Small
Node.js,Singapore,5,79492,Small
React,Singapore,5,79492,Small
Kubernetes,Singapore,5,79492,Small
PHP,Singapore,5,79492,Small
PostgreSQL,Singapore,1,23941,Large
Laravel,Singapore,1,23941,Large
MongoDB,Singapore,1,23941,Large
Kubernetes,Singapore,8,60340,Medium
Node.js,Singapore,8,60340,Medium
Spring Boot,Singapore,8,60340,Medium
Azure,Singapore,8,60340,Medium
C#,Singapore,8,60340,Medium
MySQL,Singapore,8,60340,Medium
Docker,Singapore,8,60340,Medium
Vue.js,Singapore,8,60340,Medium
Laravel,Indonesia,10,118743,Small
Linux,Indonesia,10,118743,Small
Python,Indonesia,10,118743,Small
Django,Indonesia,10,118743,Small
TypeScript,Indonesia,10,118743,Small
MySQL,Indonesia,10,118743,Small
Java,Indonesia,10,118743,Small
Kubernetes,Indonesia,10,118743,Small
Azure,Thailand,11,56985,Large
Vue.js,Thailand,11,56985,Large
PostgreSQL,Thailand,11,56985,Large
Docker,Thailand,11,56985,Large
C#,Thailand,11,56985,Large
Kubernetes,Thailand,11,56985,Large
Java,Thailand,11,56985,Large
Python,Singapore,14,27888,Medium
MySQL,Singapore,14,27888,Medium
Azure,Singapore,14,27888,Medium
C++,Singapore,14,27888,Medium
PHP,Singapore,14,27888,Medium
Laravel,Singapore,14,27888,Medium
Node.js,Malaysia,6,59449,Large
Spring Boot,Malaysia,6,59449,Large
AWS,Malaysia,6,59449,Large
Django,Malaysia,6,59449,Large
JavaScript,Malaysia,6,59449,Large
Kubernetes,Malaysia,6,59449,Large
Java,Malaysia,6,59449,Large
PostgreSQL,Malaysia,6,59449,Large
Git,Thailand,8,24454,Large
TypeScript,Thailand,8,24454,Large
Java,Thailand,8,24454,Large
Express.js,Thailand,8,24454,Large
AWS,Thailand,8,24454,Large
Java,Singapore,11,72056,Large
MongoDB,Singapore,11,72056,Large
Vue.js,Singapore,11,72056,Large
C++,Singapore,11,72056,Large
Kubernetes,Singapore,11,72056,Large
PostgreSQL,Indonesia,15,118889,Small
C++,Indonesia,15,118889,Small
Node.js,Indonesia,15,118889,Small
Linux,Indonesia,15,118889,Small
Django,Indonesia,15,118889,Small
Laravel,Indonesia,15,118889,Small
Python,Malaysia,8,34681,Medium
C++,Malaysia,8,34681,Medium
MySQL,Malaysia,8,34681,Medium
C#,Malaysia,8,34681,Medium
Linux,Malaysia,8,34681,Medium
Git,Malaysia,1,111269,Small
PHP,Malaysia,1,111269,Small
JavaScript,Malaysia,1,111269,Small
Docker,Malaysia,1,111269,Small
PostgreSQL,Singapore,14,70535,Medium
PHP,Singapore,14,70535,Medium
Express.js,Singapore,14,70535,Medium
Git,Singapore,14,70535,Medium
Node.js,Singapore,14,70535,Medium
Vue.js,Singapore,14,70535,Medium
JavaScript,Thailand,4,73536,Small
Python,Thailand,4,73536,Small
PHP,Thailand,4,73536,Small
Java,Thailand,4,73536,Small
MySQL,Thailand,4,73536,Small
Linux,Thailand,4,73536,Small
Express.js,Thailand,4,73536,Small
Java,Indonesia,12,103294,Medium
C++,Indonesia,12,103294,Medium
PostgreSQL,Indonesia,12,103294,Medium
TypeScript,Indonesia,12,103294,Medium
React,Indonesia,12,103294,Medium
MongoDB,Singapore,2,32865,Large
React,Singapore,2,32865,Large
Laravel,Singapore,2,32865,Large
Python,Singapore,2,32865,Large
Git,Singapore,2,32865,Large
PostgreSQL,Indonesia,15,87750,Medium
C++,Indonesia,15,87750,Medium
MongoDB,Indonesia,15,87750,Medium
Git,Indonesia,15,87750,Medium
Java,Indonesia,15,87750,Medium
Kubernetes,Indonesia,15,87750,Medium
MongoDB,Indonesia,14,93017,Large
Java,Indonesia,14,93017,Large
MySQL,Indonesia,14,93017,Large
TypeScript,Indonesia,14,93017,Large
Linux,Indonesia,14,93017,Large
Django,Indonesia,14,93017,Large
PHP,Indonesia,14,93017,Large
Spring Boot,Indonesia,14,93017,Large
Git,Indonesia,8,67072,Small
Spring Boot,Indonesia,8,67072,Small
Django,Indonesia,8,67072,Small
Vue.js,Indonesia,8,67072,Small
Docker,Singapore,4,69979,Large
MySQL,Singapore,4,69979,Large
Laravel,Singapore,4,69979,Large
Linux,Thailand,11,93015,Small
AWS,Thailand,11,93015,Small
C++,Thailand,11,93015,Small
Angular,Thailand,11,93015,Small
Azure,Thailand,11,93015,Small
Git,Thailand,11,93015,Small
PHP,Thailand,11,93015,Small
Spring Boot,Thailand,11,93015,Small
Git,Singapore,1,78945,Large
Python,Singapore,1,78945,Large
Docker,Singapore,1,78945,Large
Spring Boot,Singapore,1,78945,Large
PHP,Singapore,1,78945,Large
Azure,Thailand,13,38117,Large
Vue.js,Thailand,13,38117,Large
MongoDB,Thailand,13,38117,Large
Express.js,Thailand,13,38117,Large
Linux,Thailand,13,38117,Large
TypeScript,Thailand,13,38117,Large
Kubernetes,Thailand,13,38117,Large
Java,Thailand,15,115978,Large
Angular,Thailand,15,115978,Large
Git,Thailand,15,115978,Large
Express.js,Thailand,15,115978,Large
C#,Thailand,15,115978,Large
Node.js,Thailand,15,115978,Large
React,Thailand,15,115978,Large
JavaScript,Thailand,15,115978,Large
Kubernetes,Malaysia,7,25936,Medium
Node.js,Malaysia,7,25936,Medium
Python,Malaysia,7,25936,Medium
PostgreSQL,Malaysia,7,25936,Medium
React,Singapore,13,57744,Small
C#,Singapore,13,57744,Small
JavaScript,Singapore,13,57744,Small
Spring Boot,Indonesia,15,71247,Small
Azure,Indonesia,15,71247,Small
C#,Indonesia,15,71247,Small
MongoDB,Indonesia,15,71247,Small
AWS,Indonesia,15,71247,Small
PostgreSQL,Indonesia,15,71247,Small
Node.js,Indonesia,15,71247,Small
Kubernetes,Indonesia,15,71247,Small
TypeScript,Thailand,15,67706,Medium
PostgreSQL,Thailand,15,67706,Medium
Vue.js,Thailand,15,67706,Medium
AWS,Thailand,15,67706,Medium
TypeScript,Malaysia,5,56337,Large
Angular,Malaysia,5,56337,Large
Python,Malaysia,5,56337,Large
Azure,Malaysia,5,56337,Large
PostgreSQL,Malaysia,5,56337,Large
Vue.js,Malaysia,5,56337,Large
Java,Indonesia,6,22175,Small
Kubernetes,Indonesia,6,22175,Small
Python,Indonesia,6,22175,Small
Git,Indonesia,6,22175,Small
C++,Indonesia,6,22175,Small
Express.js,Thailand,1,87863,Medium
Django,Thailand,1,87863,Medium
PHP,Thailand,1,87863,Medium
Spring Boot,Thailand,1,87863,Medium
TypeScript,Thailand,1,87863,Medium
Docker,Malaysia,10,37185,Medium
React,Malaysia,10,37185,Medium
TypeScript,Malaysia,10,37185,Medium
Linux,Singapore,12,26010,Medium
PostgreSQL,Singapore,12,26010,Medium
MySQL,Singapore,12,26010,Medium
C#,Singapore,12,26010,Medium
Python,Singapore,12,26010,Medium
C++,Singapore,12,26010,Medium
AWS,Singapore,15,41632,Medium
Git,Singapore,15,41632,Medium
Linux,Singapore,15,41632,Medium
Angular,Singapore,15,41632,Medium
Python,Singapore,15,41632,Medium
MySQL,Indonesia,4,58406,Small
Node.js,Indonesia,4,58406,Small
React,Indonesia,4,58406,Small
Docker,Malaysia,14,63325,Small
React,Malaysia,14,63325,Small
Node.js,Malaysia,14,63325,Small
Linux,Malaysia,14,63325,Small
JavaScript,Malaysia,14,63325,Small
PostgreSQL,Malaysia,14,63325,Small
PHP,Malaysia,14,63325,Small
Python,Thailand,7,70346,Small
JavaScript,Thailand,7,70346,Small
MySQL,Thailand,7,70346,Small
Linux,Thailand,7,70346,Small
C++,Indonesia,8,82141,Large
PHP,Indonesia,8,82141,Large
Laravel,Indonesia,8,82141,Large
Vue.js,Indonesia,8,82141,Large
Django,Indonesia,8,82141,Large
C++,Malaysia,15,93096,Small
PHP,Malaysia,15,93096,Small
Kubernetes,Malaysia,15,93096,Small
Git,Thailand,1,28057,Large
Linux,Thailand,1,28057,Large
Vue.js,Thailand,1,28057,Large
MongoDB,Thailand,1,28057,Large
Spring Boot,Thailand,1,28057,Large
AWS,Thailand,1,28057,Large
Vue.js,Singapore,3,74546,Medium
Spring Boot,Singapore,3,74546,Medium
Kubernetes,Singapore,3,74546,Medium
Angular,Singapore,3,74546,Medium
Linux,Singapore,3,74546,Medium
PHP,Singapore,11,95686,Small
C#,Singapore,11,95686,Small
Linux,Singapore,11,95686,Small
Docker,Singapore,11,95686,Small
AWS,Thailand,8,83338,Small
MongoDB,Thailand,8,83338,Small
React,Thailand,8,83338,Small
PHP,Thailand,8,62027,Medium
C++,Thailand,8,62027,Medium
PostgreSQL,Thailand,8,62027,Medium
JavaScript,Thailand,8,62027,Medium
Laravel,Thailand,8,62027,Medium
Java,Thailand,8,62027,Medium
C#,Thailand,8,62027,Medium
Python,Malaysia,5,28876,Small
Laravel,Malaysia,5,28876,Small
MySQL,Malaysia,5,28876,Small
Java,Malaysia,5,28876,Small
PostgreSQL,Malaysia,5,28876,Small
AWS,Malaysia,5,28876,Small
React,Thailand,9,18928,Small
Angular,Thailand,9,18928,Small
Laravel,Thailand,9,18928,Small
C++,Singapore,11,84521,Medium
AWS,Singapore,11,84521,Medium
PHP,Singapore,11,84521,Medium
C#,Singapore,11,84521,Medium
Django,Singapore,11,84521,Medium
JavaScript,Singapore,11,84521,Medium
React,Singapore,11,84521,Medium
Git,Thailand,4,27152,Medium
Node.js,Thailand,4,27152,Medium
MySQL,Thailand,4,27152,Medium
Java,Thailand,4,27152,Medium
Linux,Malaysia,4,24008,Medium
PostgreSQL,Malaysia,4,24008,Medium
Docker,Malaysia,4,24008,Medium
Express.js,Malaysia,4,24008,Medium
Git,Malaysia,4,24008,Medium
Express.js,Indonesia,7,25629,Large
Kubernetes,Indonesia,7,25629,Large
Angular,Indonesia,7,25629,Large
Angular,Malaysia,15,22750,Large
JavaScript,Malaysia,15,22750,Large
Git,Malaysia,15,22750,Large
Linux,Malaysia,14,50725,Medium
AWS,Malaysia,14,50725,Medium
PostgreSQL,Malaysia,14,50725,Medium
C++,Malaysia,14,50725,Medium
Node.js,Malaysia,14,50725,Medium
Laravel,Malaysia,14,50725,Medium
Kubernetes,Malaysia,14,50725,Medium
MongoDB,Indonesia,3,73360,Medium
C#,Indonesia,3,73360,Medium
Git,Indonesia,3,73360,Medium
C++,Indonesia,3,73360,Medium
AWS,Indonesia,3,73360,Medium
C++,Malaysia,1,24524,Small
Docker,Malaysia,1,24524,Small
Vue.js,Malaysia,1,24524,Small
Express.js,Malaysia,1,24524,Small
Kubernetes,Malaysia,1,24524,Small
Java,Malaysia,6,49093,Small
Git,Malaysia,6,49093,Small
Node.js,Malaysia,6,49093,Small
Spring Boot,Malaysia,6,49093,Small
MySQL,Thailand,2,106994,Medium
Java,Thailand,2,106994,Medium
TypeScript,Thailand,2,106994,Medium
Express.js,Thailand,2,106994,Medium
C++,Malaysia,1,87903,Small
Docker,Malaysia,1,87903,Small
Kubernetes,Malaysia,1,87903,Small
Git,Malaysia,1,87903,Small
JavaScript,Malaysia,1,87903,Small
PostgreSQL,Indonesia,5,114319,Small
Docker,Indonesia,5,114319,Small
MongoDB,Indonesia,5,114319,Small
Python,Indonesia,5,114319,Small
Git,Indonesia,5,114319,Small
React,Indonesia,5,114319,Small
Linux,Indonesia,5,114319,Small
Node.js,Indonesia,5,114319,Small
Angular,Indonesia,1,101600,Large
Kubernetes,Indonesia,1,101600,Large
React,Indonesia,1,101600,Large
Node.js,Indonesia,1,101600,Large
Laravel,Indonesia,1,101600,Large
Node.js,Malaysia,6,93133,Small
JavaScript,Malaysia,6,93133,Small
Python,Malaysia,6,93133,Small
JavaScript,Indonesia,2,72208,Small
PHP,Indonesia,2,72208,Small
Python,Indonesia,2,72208,Small
MySQL,Indonesia,2,72208,Small
PostgreSQL,Indonesia,2,72208,Small
Node.js,Malaysia,3,51671,Medium
Laravel,Malaysia,3,51671,Medium
AWS,Malaysia,3,51671,Medium
Java,Malaysia,3,51671,Medium
Angular,Malaysia,3,51671,Medium
MongoDB,Malaysia,3,51671,Medium
C++,Malaysia,3,51671,Medium
Git,Indonesia,11,104723,Small
Azure,Indonesia,11,104723,Small
PHP,Indonesia,11,104723,Small
Vue.js,Indonesia,11,104723,Small
Kubernetes,Indonesia,8,48165,Small
C++,Indonesia,8,48165,Small
Vue.js,Indonesia,8,48165,Small
C#,Indonesia,8,48165,Small
JavaScript,Indonesia,8,48165,Small
Java,Indonesia,8,48165,Small
Docker,Indonesia,8,48165,Small
MySQL,Singapore,3,47073,Small
Docker,Singapore,3,47073,Small
React,Singapore,3,47073,Small
Vue.js,Malaysia,2,92417,Medium
MongoDB,Malaysia,2,92417,Medium
Azure,Malaysia,2,92417,Medium
Azure,Indonesia,10,118989,Medium
Node.js,Indonesia,10,118989,Medium
Kubernetes,Indonesia,10,118989,Medium
Angular,Malaysia,13,30898,Small
Docker,Malaysia,13,30898,Small
Kubernetes,Malaysia,13,30898,Small
Vue.js,Malaysia,13,30898,Small
Spring Boot,Malaysia,13,30898,Small
Laravel,Malaysia,13,30898,Small
C++,Malaysia,13,30898,Small
React,Malaysia,13,30898,Small
Laravel,Malaysia,9,111867,Medium
MySQL,Malaysia,9,111867,Medium
Spring Boot,Malaysia,9,111867,Medium
Express.js,Singapore,6,47777,Medium
Node.js,Singapore,6,47777,Medium
JavaScript,Singapore,6,47777,Medium
MongoDB,Singapore,6,47777,Medium
Vue.js,Thailand,6,85201,Medium
PostgreSQL,Thailand,6,85201,Medium
Spring Boot,Thailand,6,85201,Medium
Node.js,Thailand,6,85201,Medium
Linux,Thailand,6,85201,Medium
Node.js,Indonesia,10,43987,Large
Express.js,Indonesia,10,43987,Large
Java,Indonesia,10,43987,Large
Docker,Indonesia,10,43987,Large
Azure,Indonesia,10,43987,Large
C#,Indonesia,10,43987,Large
Node.js,Indonesia,12,75989,Large
React,Indonesia,12,75989,Large
Git,Indonesia,12,75989,Large
Kubernetes,Thailand,2,24324,Large
Git,Thailand,2,24324,Large
PHP,Thailand,2,24324,Large
React,Thailand,13,87730,Large
Spring Boot,Thailand,13,87730,Large
Git,Thailand,13,87730,Large
Kubernetes,Thailand,13,87730,Large
C#,Thailand,13,87730,Large
Spring Boot,Indonesia,7,58353,Large
Angular,Indonesia,7,58353,Large
Kubernetes,Indonesia,7,58353,Large
Django,Indonesia,7,58353,Large
PostgreSQL,Indonesia,7,58353,Large
Spring Boot,Singapore,10,63785,Large
C++,Singapore,10,63785,Large
Linux,Singapore,10,63785,Large
Laravel,Singapore,10,63785,Large
Docker,Singapore,10,63785,Large
MySQL,Singapore,10,63785,Large
Express.js,Singapore,13,76059,Small
AWS,Singapore,13,76059,Small
React,Singapore,13,76059,Small
MongoDB,Singapore,13,76059,Small
Django,Singapore,13,76059,Small
Java,Singapore,13,76059,Small
Azure,Singapore,13,76059,Small
Spring Boot,Indonesia,12,41592,Small
JavaScript,Indonesia,12,41592,Small
Azure,Indonesia,12,41592,Small
Express.js,Indonesia,12,41592,Small
C#,Singapore,10,110146,Large
Spring Boot,Singapore,10,110146,Large
AWS,Singapore,10,110146,Large
MySQL,Singapore,10,110146,Large
TypeScript,Indonesia,10,68503,Large
AWS,Indonesia,10,68503,Large
PostgreSQL,Indonesia,10,68503,Large
Azure,Indonesia,10,68503,Large
Git,Indonesia,10,68503,Large
Spring Boot,Indonesia,10,68503,Large
JavaScript,Indonesia,9,56432,Large
Kubernetes,Indonesia,9,56432,Large
Linux,Indonesia,9,56432,Large
Express.js,Thailand,3,50060,Small
Node.js,Thailand,3,50060,Small
Kubernetes,Thailand,3,50060,Small
PHP,Thailand,3,50060,Small
C++,Thailand,3,50060,Small
AWS,Thailand,3,50060,Small
Angular,Thailand,11,43348,Medium
PostgreSQL,Thailand,11,43348,Medium
React,Thailand,11,43348,Medium
TypeScript,Thailand,11,43348,Medium
JavaScript,Thailand,11,43348,Medium
JavaScript,Thailand,4,24730,Medium
AWS,Thailand,4,24730,Medium
C++,Thailand,4,24730,Medium
PostgreSQL,Indonesia,14,16871,Small
Kubernetes,Indonesia,14,16871,Small
Docker,Indonesia,14,16871,Small
Spring Boot,Indonesia,14,16871,Small
Vue.js,Indonesia,14,16871,Small
C#,Indonesia,14,16871,Small
Express.js,Indonesia,14,16871,Small
MongoDB,Indonesia,14,16871,Small
MySQL,Malaysia,12,27664,Medium
JavaScript,Malaysia,12,27664,Medium
Angular,Malaysia,12,27664,Medium
C#,Malaysia,12,27664,Medium
Azure,Malaysia,12,27664,Medium
Vue.js,Indonesia,12,110129,Small
Azure,Indonesia,12,110129,Small
Spring Boot,Indonesia,12,110129,Small
Kubernetes,Indonesia,12,110129,Small
PostgreSQL,Indonesia,12,110129,Small
MongoDB,Thailand,7,92148,Large
JavaScript,Thailand,7,92148,Large
C#,Thailand,7,92148,Large
C++,Thailand,7,92148,Large
Java,Thailand,7,92148,Large
Express.js,Indonesia,8,56950,Large
PHP,Indonesia,8,56950,Large
Angular,Indonesia,8,56950,Large
Azure,Indonesia,8,56950,Large
Git,Indonesia,8,56950,Large
Python,Malaysia,6,117693,Small
C++,Malaysia,6,117693,Small
MySQL,Malaysia,6,117693,Small
Linux,Malaysia,6,117693,Small
C#,Malaysia,6,117693,Small
React,Malaysia,6,117693,Small
Vue.js,Thailand,1,54213,Large
Python,Thailand,1,54213,Large
Java,Thailand,1,54213,Large
C++,Thailand,1,54213,Large
Spring Boot,Thailand,1,54213,Large
JavaScript,Singapore,1,37958,Large
MongoDB,Singapore,1,37958,Large
C++,Singapore,1,37958,Large
Spring Boot,Malaysia,13,113754,Large
Express.js,Malaysia,13,113754,Large
React,Malaysia,13,113754,Large
PHP,Malaysia,13,113754,Large
Laravel,Malaysia,13,113754,Large
Azure,Indonesia,7,64291,Medium
PHP,Indonesia,7,64291,Medium
Vue.js,Indonesia,7,64291,Medium
Django,Malaysia,15,28017,Medium
MySQL,Malaysia,15,28017,Medium
React,Malaysia,15,28017,Medium
Azure,Malaysia,15,28017,Medium
C++,Malaysia,15,28017,Medium
Vue.js,Malaysia,15,28017,Medium
Kubernetes,Malaysia,15,28017,Medium
Docker,Malaysia,4,28542,Large
AWS,Malaysia,4,28542,Large
JavaScript,Malaysia,4,28542,Large
Angular,Malaysia,4,28542,Large
Django,Malaysia,4,28542,Large
Git,Malaysia,4,28542,Large
Python,Malaysia,4,28542,Large
Spring Boot,Malaysia,4,28542,Large
JavaScript,Malaysia,13,116607,Small
Node.js,Malaysia,13,116607,Small
Linux,Malaysia,13,116607,Small
MongoDB,Malaysia,13,116607,Small
Docker,Malaysia,13,116607,Small
PHP,Malaysia,13,116607,Small
Java,Malaysia,13,116607,Small
Express.js,Malaysia,13,116607,Small
C++,Malaysia,12,30540,Medium
PHP,Malaysia,12,30540,Medium
AWS,Malaysia,12,30540,Medium
Vue.js,Malaysia,12,30540,Medium
Docker,Thailand,12,92936,Medium
Spring Boot,Thailand,12,92936,Medium
Express.js,Thailand,12,92936,Medium
Django,Thailand,12,92936,Medium
Git,Thailand,12,92936,Medium
Angular,Thailand,12,92936,Medium
Node.js,Thailand,12,92936,Medium
React,Thailand,12,92936,Medium
Python,Indonesia,5,31073,Medium
PostgreSQL,Indonesia,5,31073,Medium
MongoDB,Indonesia,5,31073,Medium
Spring Boot,Indonesia,5,31073,Medium
JavaScript,Indonesia,5,31073,Medium
Java,Indonesia,5,31073,Medium
React,Thailand,5,17438,Small
Node.js,Thailand,5,17438,Small
MongoDB,Thailand,5,17438,Small
MySQL,Thailand,5,17438,Small
Kubernetes,Indonesia,2,61748,Large
Docker,Indonesia,2,61748,Large
C++,Indonesia,2,61748,Large
Vue.js,Indonesia,2,61748,Large
C#,Indonesia,2,61748,Large
TypeScript,Thailand,11,108251,Small
MySQL,Thailand,11,108251,Small
Laravel,Thailand,11,108251,Small
PostgreSQL,Thailand,11,108251,Small
Linux,Indonesia,11,86160,Small
TypeScript,Indonesia,11,86160,Small
AWS,Indonesia,11,86160,Small
PHP,Indonesia,11,86160,Small
Linux,Indonesia,8,115727,Large
Django,Indonesia,8,115727,Large
TypeScript,Indonesia,8,115727,Large
PHP,Indonesia,8,115727,Large
C++,Indonesia,8,115727,Large
C#,Indonesia,8,115727,Large
AWS,Indonesia,8,115727,Large
C++,Singapore,9,52894,Large
AWS,Singapore,9,52894,Large
PostgreSQL,Singapore,9,52894,Large
Spring Boot,Singapore,9,52894,Large
C#,Singapore,9,52894,Large
Python,Singapore,9,52894,Large
Angular,Singapore,9,52894,Large
Kubernetes,Singapore,9,52894,Large
PHP,Singapore,13,26824,Medium
Django,Singapore,13,26824,Medium
Python,Singapore,13,26824,Medium
Spring Boot,Singapore,13,26824,Medium
Kubernetes,Singapore,13,26824,Medium
TypeScript,Singapore,13,26824,Medium
JavaScript,Thailand,3,97565,Medium
Angular,Thailand,3,97565,Medium
C#,Thailand,3,97565,Medium
PHP,Thailand,3,97565,Medium
Java,Thailand,3,97565,Medium
Linux,Indonesia,7,69799,Small
Git,Indonesia,7,69799,Small
AWS,Indonesia,7,69799,Small
Express.js,Singapore,9,32223,Small
Angular,Singapore,9,32223,Small
JavaScript,Singapore,9,32223,Small
PostgreSQL,Singapore,9,32223,Small
C#,Singapore,9,32223,Small
Python,Singapore,9,32223,Small
Docker,Indonesia,13,41931,Medium
Azure,Indonesia,13,41931,Medium
Git,Indonesia,13,41931,Medium
Java,Indonesia,13,41931,Medium
C++,Indonesia,3,38643,Small
Kubernetes,Indonesia,3,38643,Small
Git,Indonesia,3,38643,Small
MongoDB,Indonesia,3,38643,Small
JavaScript,Indonesia,3,38643,Small
Laravel,Indonesia,9,95951,Large
Spring Boot,Indonesia,9,95951,Large
Kubernetes,Indonesia,9,95951,Large
Git,Indonesia,9,95951,Large
Linux,Indonesia,9,95951,Large
MySQL,Indonesia,9,95951,Large
Express.js,Indonesia,9,95951,Large
Azure,Indonesia,9,95951,Large
PostgreSQL,Thailand,9,74386,Small
TypeScript,Thailand,9,74386,Small
Laravel,Thailand,9,74386,Small
Django,Thailand,9,74386,Small
Vue.js,Thailand,9,74386,Small
React,Thailand,9,74386,Small
Docker,Thailand,9,74386,Small
Linux,Singapore,12,78047,Medium
Docker,Singapore,12,78047,Medium
Spring Boot,Singapore,12,78047,Medium
Python,Singapore,12,78047,Medium
MongoDB,Singapore,12,78047,Medium
React,Malaysia,8,71561,Large
Kubernetes,Malaysia,8,71561,Large
TypeScript,Malaysia,8,71561,Large
Node.js,Malaysia,8,71561,Large
Git,Indonesia,5,45263,Small
Vue.js,Indonesia,5,45263,Small
C++,Indonesia,5,45263,Small
MySQL,Singapore,8,23670,Small
Laravel,Singapore,8,23670,Small
AWS,Singapore,8,23670,Small
Vue.js,Singapore,8,23670,Small
Angular,Singapore,8,23670,Small
Kubernetes,Malaysia,3,33685,Small
MongoDB,Malaysia,3,33685,Small
MySQL,Malaysia,3,33685,Small
Spring Boot,Malaysia,3,33685,Small
Python,Malaysia,3,33685,Small
Angular,Malaysia,3,33685,Small
Express.js,Malaysia,3,33685,Small
Java,Malaysia,3,33685,Small
Azure,Indonesia,13,109100,Small
MongoDB,Indonesia,13,109100,Small
Node.js,Indonesia,13,109100,Small
MongoDB,Malaysia,6,89922,Large
Linux,Malaysia,6,89922,Large
Node.js,Malaysia,6,89922,Large
PostgreSQL,Malaysia,6,89922,Large
Git,Singapore,2,26438,Medium
React,Singapore,2,26438,Medium
MySQL,Singapore,2,26438,Medium
C#,Malaysia,8,74179,Large
Spring Boot,Malaysia,8,74179,Large
PostgreSQL,Malaysia,8,74179,Large
PHP,Malaysia,8,74179,Large
Django,Malaysia,8,74179,Large
Spring Boot,Thailand,8,49204,Large
Django,Thailand,8,49204,Large
Linux,Thailand,8,49204,Large
Git,Thailand,8,49204,Large
C++,Thailand,8,49204,Large
Django,Thailand,1,52735,Large
Angular,Thailand,1,52735,Large
Docker,Thailand,1,52735,Large
Linux,Thailand,1,52735,Large
MongoDB,Malaysia,1,44662,Small
Django,Malaysia,1,44662,Small
React,Malaysia,1,44662,Small
TypeScript,Malaysia,1,44662,Small
PostgreSQL,Malaysia,3,75092,Medium
Laravel,Malaysia,3,75092,Medium
Django,Malaysia,3,75092,Medium
Vue.js,Malaysia,5,117814,Large
Laravel,Malaysia,5,117814,Large
Django,Malaysia,5,117814,Large
Kubernetes,Malaysia,5,117814,Large
Java,Malaysia,5,117814,Large
PostgreSQL,Malaysia,5,117814,Large
MySQL,Malaysia,5,117814,Large
Spring Boot,Malaysia,5,117814,Large
Java,Thailand,15,68023,Medium
C++,Thailand,15,68023,Medium
Node.js,Thailand,15,68023,Medium
PostgreSQL,Thailand,15,68023,Medium
Vue.js,Thailand,15,68023,Medium
Java,Indonesia,10,24792,Small
JavaScript,Indonesia,10,24792,Small
React,Indonesia,10,24792,Small
C#,Indonesia,10,24792,Small
PostgreSQL,Indonesia,10,24792,Small
MongoDB,Thailand,9,113989,Medium
Java,Thailand,9,113989,Medium
Linux,Thailand,9,113989,Medium
Kubernetes,Thailand,9,113989,Medium
C#,Thailand,9,113989,Medium
TypeScript,Thailand,9,113989,Medium
PHP,Singapore,15,93190,Small
Laravel,Singapore,15,93190,Small
Spring Boot,Singapore,15,93190,Small
JavaScript,Singapore,15,93190,Small
Azure,Singapore,15,93190,Small
Git,Singapore,15,93190,Small
Docker,Singapore,15,93190,Small
C++,Malaysia,6,23383,Medium
Java,Malaysia,6,23383,Medium
Node.js,Malaysia,6,23383,Medium
Laravel,Malaysia,6,23383,Medium
React,Indonesia,2,89835,Medium
Laravel,Indonesia,2,89835,Medium
Node.js,Indonesia,2,89835,Medium
Git,Indonesia,2,89835,Medium
MongoDB,Malaysia,9,95669,Medium
Angular,Malaysia,9,95669,Medium
C#,Malaysia,9,95669,Medium
Vue.js,Malaysia,9,95669,Medium
Express.js,Malaysia,9,95669,Medium
Git,Malaysia,9,95669,Medium
Spring Boot,Thailand,8,51442,Large
Express.js,Thailand,8,51442,Large
Kubernetes,Thailand,8,51442,Large
TypeScript,Malaysia,7,60663,Small
MongoDB,Malaysia,7,60663,Small
C++,Malaysia,7,60663,Small
PHP,Malaysia,14,67414,Large
Spring Boot,Malaysia,14,67414,Large
MongoDB,Malaysia,14,67414,Large
AWS,Malaysia,14,67414,Large
JavaScript,Malaysia,14,67414,Large
C#,Thailand,10,73770,Medium
MongoDB,Thailand,10,73770,Medium
Laravel,Thailand,10,73770,Medium
Angular,Thailand,10,73770,Medium
Django,Thailand,9,107173,Large
MySQL,Thailand,9,107173,Large
Docker,Thailand,9,107173,Large
Express.js,Thailand,9,107173,Large
MongoDB,Thailand,9,107173,Large
C++,Thailand,9,107173,Large
Node.js,Thailand,9,107173,Large
Vue.js,Thailand,9,107173,Large
Vue.js,Malaysia,14,25894,Medium
Linux,Malaysia,14,25894,Medium
Kubernetes,Malaysia,14,25894,Medium
Docker,Malaysia,14,25894,Medium
MongoDB,Malaysia,14,25894,Medium
C++,Malaysia,14,25894,Medium
Azure,Malaysia,14,25894,Medium
Python,Malaysia,5,56451,Small
C++,Malaysia,5,56451,Small
Node.js,Malaysia,5,56451,Small
Git,Malaysia,5,56451,Small
Linux,Malaysia,5,56451,Small
MongoDB,Malaysia,5,56451,Small
Kubernetes,Malaysia,5,56451,Small
MySQL,Thailand,13,61827,Small
React,Thailand,13,61827,Small
Angular,Thailand,13,61827,Small
PHP,Singapore,9,69025,Large
C#,Singapore,9,69025,Large
Git,Singapore,9,69025,Large
React,Singapore,9,69025,Large
Azure,Singapore,9,69025,Large
Angular,Singapore,9,69025,Large
TypeScript,Singapore,9,69025,Large
C#,Thailand,6,119607,Large
Git,Thailand,6,119607,Large
JavaScript,Thailand,6,119607,Large
PostgreSQL,Thailand,6,119607,Large
MySQL,Singapore,3,43186,Small
PHP,Singapore,3,43186,Small
JavaScript,Singapore,3,43186,Small
MySQL,Singapore,9,64683,Small
Spring Boot,Singapore,9,64683,Small
React,Singapore,9,64683,Small
TypeScript,Singapore,9,64683,Small
Git,Singapore,9,64683,Small
Express.js,Singapore,3,39851,Large
MySQL,Singapore,3,39851,Large
Python,Singapore,3,39851,Large
Spring Boot,Singapore,2,118351,Large
Azure,Singapore,2,118351,Large
C#,Singapore,2,118351,Large
TypeScript,Singapore,2,118351,Large
Vue.js,Singapore,2,118351,Large
C++,Malaysia,12,67557,Small
PostgreSQL,Malaysia,12,67557,Small
Laravel,Malaysia,12,67557,Small
Node.js,Malaysia,12,67557,Small
Python,Malaysia,12,67557,Small
React,Malaysia,12,67557,Small
Linux,Malaysia,12,67557,Small
Spring Boot,Malaysia,3,70995,Large
PostgreSQL,Malaysia,3,70995,Large
Kubernetes,Malaysia,3,70995,Large
Azure,Indonesia,5,78495,Large
Express.js,Indonesia,5,78495,Large
Spring Boot,Indonesia,5,78495,Large
C#,Indonesia,5,78495,Large
TypeScript,Indonesia,5,78495,Large
MongoDB,Indonesia,5,78495,Large
Git,Indonesia,5,78495,Large
Angular,Indonesia,9,115243,Medium
C++,Indonesia,9,115243,Medium
Django,Indonesia,9,115243,Medium
React,Indonesia,9,115243,Medium
Kubernetes,Indonesia,9,115243,Medium
JavaScript,Indonesia,9,115243,Medium
TypeScript,Indonesia,9,115243,Medium
PHP,Indonesia,11,45254,Small
C#,Indonesia,11,45254,Small
Azure,Indonesia,11,45254,Small
Java,Indonesia,11,45254,Small
MySQL,Singapore,8,67140,Small
C#,Singapore,8,67140,Small
Java,Singapore,8,67140,Small
AWS,Singapore,8,67140,Small
React,Singapore,8,67140,Small
Azure,Singapore,8,67140,Small
Django,Singapore,8,67140,Small
Docker,Indonesia,3,62699,Large
AWS,Indonesia,3,62699,Large
Laravel,Indonesia,3,62699,Large
JavaScript,Indonesia,3,62699,Large
Azure,Indonesia,3,62699,Large
PostgreSQL,Thailand,4,82367,Medium
Git,Thailand,4,82367,Medium
Express.js,Thailand,4,82367,Medium
Azure,Thailand,4,82367,Medium
Python,Malaysia,4,64140,Large
Express.js,Malaysia,4,64140,Large
Spring Boot,Malaysia,4,64140,Large
Angular,Malaysia,4,64140,Large
Docker,Malaysia,4,64140,Large
Spring Boot,Thailand,1,50345,Medium
Azure,Thailand,1,50345,Medium
TypeScript,Thailand,1,50345,Medium
PHP,Thailand,1,50345,Medium
PostgreSQL,Thailand,1,50345,Medium
Django,Thailand,1,50345,Medium
Python,Thailand,1,50345,Medium
Express.js,Thailand,1,50345,Medium
Git,Malaysia,5,75171,Medium
TypeScript,Malaysia,5,75171,Medium
C++,Malaysia,5,75171,Medium
Django,Malaysia,5,75171,Medium
JavaScript,Malaysia,5,75171,Medium
C#,Malaysia,5,75171,Medium
Linux,Malaysia,5,75171,Medium
Kubernetes,Malaysia,5,75171,Medium
Java,Indonesia,9,33856,Small
React,Indonesia,9,33856,Small
Angular,Indonesia,9,33856,Small
MySQL,Indonesia,5,115772,Medium
Kubernetes,Indonesia,5,115772,Medium
Node.js,Indonesia,5,115772,Medium
Git,Indonesia,5,115772,Medium
MongoDB,Indonesia,5,115772,Medium
Python,Indonesia,5,115772,Medium
JavaScript,Indonesia,5,115772,Medium
Java,Singapore,4,28341,Large
Node.js,Singapore,4,28341,Large
Angular,Singapore,4,28341,Large
Azure,Malaysia,3,102964,Medium
Laravel,Malaysia,3,102964,Medium
Django,Malaysia,3,102964,Medium
MySQL,Malaysia,3,102964,Medium
AWS,Malaysia,3,102964,Medium
Spring Boot,Malaysia,14,40498,Large
Django,Malaysia,14,40498,Large
Node.js,Malaysia,14,40498,Large
TypeScript,Malaysia,14,40498,Large
PHP,Malaysia,14,40498,Large
Angular,Thailand,6,58389,Large
Laravel,Thailand,6,58389,Large
Node.js,Thailand,6,58389,Large
Python,Thailand,6,58389,Large
PHP,Thailand,6,58389,Large
C#,Thailand,6,58389,Large
Linux,Indonesia,8,15405,Small
C#,Indonesia,8,15405,Small
MongoDB,Indonesia,8,15405,Small
Vue.js,Indonesia,8,15405,Small
AWS,Indonesia,8,15405,Small
JavaScript,Malaysia,11,118077,Medium
Linux,Malaysia,11,118077,Medium
Azure,Malaysia,11,118077,Medium
Laravel,Malaysia,11,118077,Medium
Vue.js,Malaysia,11,118077,Medium
PostgreSQL,Malaysia,11,118077,Medium
MySQL,Malaysia,2,102532,Large
Azure,Malaysia,2,102532,Large
PHP,Malaysia,2,102532,Large
Kubernetes,Malaysia,2,102532,Large
Java,Malaysia,2,102532,Large
C++,Singapore,6,40699,Large
AWS,Singapore,6,40699,Large
Angular,Singapore,6,40699,Large
Java,Singapore,6,40699,Large
Vue.js,Singapore,6,40699,Large
Node.js,Singapore,6,40699,Large
Kubernetes,Singapore,6,40699,Large
Python,Singapore,7,72423,Medium
JavaScript,Singapore,7,72423,Medium
Node.js,Singapore,7,72423,Medium
TypeScript,Singapore,7,72423,Medium
Spring Boot,Singapore,7,72423,Medium
MongoDB,Singapore,7,72423,Medium
Angular,Singapore,14,43238,Medium
Node.js,Singapore,14,43238,Medium
PHP,Singapore,14,43238,Medium
Kubernetes,Singapore,14,43238,Medium
PostgreSQL,Singapore,14,43238,Medium
Vue.js,Singapore,14,43238,Medium
Docker,Singapore,14,43238,Medium
Linux,Singapore,14,43238,Medium
AWS,Singapore,13,31466,Large
Git,Singapore,13,31466,Large
Django,Singapore,13,31466,Large
Node.js,Singapore,13,31466,Large
MongoDB,Singapore,13,31466,Large
C++,Singapore,13,31466,Large
JavaScript,Malaysia,12,28239,Medium
Java,Malaysia,12,28239,Medium
C#,Malaysia,12,28239,Medium
React,Malaysia,12,28239,Medium
MongoDB,Malaysia,12,28239,Medium
Linux,Indonesia,15,36155,Small
Vue.js,Indonesia,15,36155,Small
Git,Indonesia,15,36155,Small
MySQL,Indonesia,15,36155,Small
C#,Indonesia,15,36155,Small
PostgreSQL,Indonesia,15,36155,Small
MongoDB,Singapore,12,54857,Medium
Azure,Singapore,12,54857,Medium
Python,Singapore,12,54857,Medium
C++,Singapore,12,54857,Medium
Linux,Singapore,12,54857,Medium
Angular,Singapore,12,54857,Medium
Vue.js,Singapore,12,54857,Medium
Node.js,Thailand,3,25706,Large
PHP,Thailand,3,25706,Large
Kubernetes,Thailand,3,25706,Large
Linux,Thailand,3,25706,Large
JavaScript,Thailand,3,25706,Large
AWS,Malaysia,10,82946,Medium
C#,Malaysia,10,82946,Medium
Django,Malaysia,10,82946,Medium
PostgreSQL,Malaysia,10,82946,Medium
Linux,Malaysia,10,82946,Medium
Angular,Malaysia,10,82946,Medium
Spring Boot,Malaysia,10,82946,Medium
Git,Singapore,4,49727,Large
Java,Singapore,4,49727,Large
Vue.js,Singapore,4,49727,Large
AWS,Singapore,4,49727,Large
C#,Singapore,4,49727,Large
C++,Thailand,10,75597,Small
Docker,Thailand,10,75597,Small
JavaScript,Thailand,10,75597,Small
PostgreSQL,Thailand,10,75597,Small
Express.js,Thailand,10,75597,Small
Node.js,Thailand,10,75597,Small
Kubernetes,Thailand,10,75597,Small
Laravel,Thailand,10,75597,Small
C#,Malaysia,10,21372,Large
Git,Malaysia,10,21372,Large
MySQL,Malaysia,10,21372,Large
Azure,Malaysia,10,21372,Large
MongoDB,Malaysia,10,21372,Large
Vue.js,Malaysia,10,21372,Large
Java,Malaysia,10,21372,Large
Kubernetes,Thailand,5,100502,Large
Python,Thailand,5,100502,Large
Angular,Thailand,5,100502,Large
Azure,Thailand,5,100502,Large
PHP,Thailand,8,85903,Large
Linux,Thailand,8,85903,Large
C#,Thailand,8,85903,Large
Java,Thailand,8,85903,Large
JavaScript,Thailand,4,37737,Medium
Java,Thailand,4,37737,Medium
PostgreSQL,Thailand,4,37737,Medium
Azure,Singapore,10,93710,Medium
MongoDB,Singapore,10,93710,Medium
Python,Singapore,10,93710,Medium
PostgreSQL,Singapore,10,93710,Medium
Linux,Thailand,2,117816,Large
Laravel,Thailand,2,117816,Large
TypeScript,Thailand,2,117816,Large
React,Thailand,2,117816,Large
C++,Thailand,2,117816,Large
Kubernetes,Thailand,2,117816,Large
Spring Boot,Thailand,2,117816,Large
Vue.js,Indonesia,3,113847,Medium
React,Indonesia,3,113847,Medium
Express.js,Indonesia,3,113847,Medium
Angular,Indonesia,3,113847,Medium
Node.js,Indonesia,3,113847,Medium
C#,Indonesia,13,102842,Large
JavaScript,Indonesia,13,102842,Large
PostgreSQL,Indonesia,13,102842,Large
Azure,Indonesia,13,102842,Large
Docker,Indonesia,13,102842,Large
PHP,Indonesia,13,102842,Large
MySQL,Indonesia,13,102842,Large
Java,Indonesia,13,102842,Large
AWS,Malaysia,12,63969,Medium
JavaScript,Malaysia,12,63969,Medium
Spring Boot,Malaysia,12,63969,Medium
MySQL,Malaysia,12,63969,Medium
Java,Malaysia,12,63969,Medium
Express.js,Malaysia,12,63969,Medium
Django,Thailand,10,30382,Medium
MySQL,Thailand,10,30382,Medium
Spring Boot,Thailand,10,30382,Medium
Express.js,Thailand,10,30382,Medium
MongoDB,Thailand,10,30382,Medium
Laravel,Thailand,10,30382,Medium
C#,Thailand,10,30382,Medium
AWS,Thailand,12,62114,Large
Kubernetes,Thailand,12,62114,Large
PostgreSQL,Thailand,12,62114,Large
TypeScript,Thailand,12,62114,Large
Git,Thailand,12,62114,Large
C#,Thailand,12,62114,Large
Vue.js,Malaysia,13,18989,Medium
PostgreSQL,Malaysia,13,18989,Medium
Spring Boot,Malaysia,13,18989,Medium
Linux,Malaysia,13,18989,Medium
React,Malaysia,13,18989,Medium
Git,Malaysia,13,18989,Medium
MySQL,Malaysia,13,18989,Medium
JavaScript,Indonesia,2,98544,Medium
Python,Indonesia,2,98544,Medium
Java,Indonesia,2,98544,Medium
PHP,Indonesia,2,98544,Medium
React,Indonesia,2,98544,Medium
Node.js,Indonesia,2,98544,Medium
Django,Indonesia,2,98544,Medium
Laravel,Indonesia,2,98544,Medium
TypeScript,Malaysia,13,25816,Small
Linux,Malaysia,13,25816,Small
Angular,Malaysia,13,25816,Small
JavaScript,Malaysia,13,25816,Small
Python,Indonesia,15,91336,Large
Git,Indonesia,15,91336,Large
C++,Indonesia,15,91336,Large
MySQL,Indonesia,15,91336,Large
AWS,Indonesia,15,91336,Large
Spring Boot,Indonesia,15,91336,Large
PostgreSQL,Indonesia,15,91336,Large
Java,Indonesia,15,91336,Large
Laravel,Malaysia,11,103207,Large
Angular,Malaysia,11,103207,Large
MongoDB,Malaysia,11,103207,Large
Azure,Malaysia,11,103207,Large
Vue.js,Malaysia,11,103207,Large
MySQL,Malaysia,11,103207,Large
TypeScript,Malaysia,11,103207,Large
Express.js,Singapore,5,113348,Large
JavaScript,Singapore,5,113348,Large
Angular,Singapore,5,113348,Large
AWS,Singapore,5,113348,Large
TypeScript,Singapore,5,113348,Large
JavaScript,Singapore,12,63335,Small
Git,Singapore,12,63335,Small
PostgreSQL,Singapore,12,63335,Small
Kubernetes,Singapore,12,63335,Small
C++,Singapore,12,63335,Small
Express.js,Singapore,12,63335,Small
Laravel,Malaysia,6,21031,Medium
Docker,Malaysia,6,21031,Medium
Azure,Malaysia,6,21031,Medium
Java,Malaysia,6,21031,Medium
Python,Malaysia,6,21031,Medium
Linux,Malaysia,6,21031,Medium
Express.js,Malaysia,7,23526,Large
MySQL,Malaysia,7,23526,Large
C++,Malaysia,7,23526,Large
PHP,Malaysia,7,23526,Large
PostgreSQL,Malaysia,7,23526,Large
Django,Malaysia,7,23526,Large
MongoDB,Indonesia,7,79851,Small
Python,Indonesia,7,79851,Small
TypeScript,Indonesia,7,79851,Small
Java,Indonesia,7,79851,Small
Git,Indonesia,7,79851,Small
Laravel,Indonesia,7,79851,Small
Docker,Singapore,7,84127,Medium
PostgreSQL,Singapore,7,84127,Medium
Laravel,Singapore,7,84127,Medium
React,Singapore,7,84127,Medium
Express.js,Singapore,7,84127,Medium
Git,Singapore,7,84127,Medium
TypeScript,Singapore,7,84127,Medium
PHP,Indonesia,3,108705,Large
Django,Indonesia,3,108705,Large
Git,Indonesia,3,108705,Large
Azure,Indonesia,3,108705,Large
C#,Indonesia,3,108705,Large
Docker,Indonesia,3,108705,Large
AWS,Indonesia,3,108705,Large
Node.js,Indonesia,3,108705,Large
C++,Singapore,4,40113,Large
Python,Singapore,4,40113,Large
Vue.js,Singapore,4,40113,Large
C#,Singapore,4,40113,Large
Angular,Singapore,4,40113,Large
MongoDB,Singapore,4,40113,Large
MySQL,Singapore,4,40113,Large
Spring Boot,Singapore,14,57589,Large
Kubernetes,Singapore,14,57589,Large
Azure,Singapore,14,57589,Large
Vue.js,Singapore,14,57589,Large
Python,Singapore,14,57589,Large
C#,Singapore,14,57589,Large
AWS,Singapore,14,57589,Large
React,Singapore,14,57589,Large
PHP,Singapore,5,57209,Large
Java,Singapore,5,57209,Large
Docker,Singapore,5,57209,Large
Django,Singapore,5,57209,Large
AWS,Singapore,5,57209,Large
PHP,Malaysia,3,119932,Medium
Spring Boot,Malaysia,3,119932,Medium
Express.js,Malaysia,3,119932,Medium
Docker,Malaysia,3,119932,Medium
Python,Malaysia,3,119932,Medium
PostgreSQL,Thailand,9,65271,Small
Spring Boot,Thailand,9,65271,Small
MongoDB,Thailand,9,65271,Small
Express.js,Thailand,9,65271,Small
TypeScript,Thailand,9,65271,Small
Node.js,Thailand,9,65271,Small
Vue.js,Thailand,9,65271,Small
C++,Thailand,3,25101,Medium
Express.js,Thailand,3,25101,Medium
Laravel,Thailand,3,25101,Medium
React,Thailand,3,25101,Medium
Spring Boot,Thailand,3,25101,Medium
Vue.js,Thailand,3,25101,Medium
C#,Thailand,3,25101,Medium
Vue.js,Singapore,4,33245,Medium
Express.js,Singapore,4,33245,Medium
Azure,Singapore,4,33245,Medium
Django,Singapore,4,33245,Medium
AWS,Singapore,4,33245,Medium
Spring Boot,Singapore,4,33245,Medium
Node.js,Singapore,4,33245,Medium
Java,Indonesia,9,109351,Small
Spring Boot,Indonesia,9,109351,Small
C++,Indonesia,9,109351,Small
Node.js,Indonesia,9,109351,Small
JavaScript,Indonesia,9,109351,Small
Kubernetes,Indonesia,9,109351,Small
C#,Indonesia,9,109351,Small
Node.js,Singapore,15,108198,Small
C++,Singapore,15,108198,Small
Kubernetes,Singapore,15,108198,Small
JavaScript,Thailand,14,29641,Small
Django,Thailand,14,29641,Small
Node.js,Thailand,14,29641,Small
C#,Thailand,14,29641,Small
Docker,Thailand,14,29641,Small
React,Thailand,14,29641,Small
Spring Boot,Singapore,1,62752,Large
TypeScript,Singapore,1,62752,Large
PostgreSQL,Singapore,1,62752,Large
Linux,Singapore,3,53502,Large
Vue.js,Singapore,3,53502,Large
PostgreSQL,Singapore,3,53502,Large
Angular,Singapore,8,100895,Small
JavaScript,Singapore,8,100895,Small
Azure,Singapore,8,100895,Small
Java,Singapore,8,100895,Small
PHP,Singapore,8,100895,Small
JavaScript,Indonesia,12,70436,Large
PHP,Indonesia,12,70436,Large
Linux,Indonesia,12,70436,Large
Linux,Thailand,4,48391,Medium
Azure,Thailand,4,48391,Medium
Docker,Thailand,4,48391,Medium
TypeScript,Thailand,4,48391,Medium
JavaScript,Thailand,4,48391,Medium
C#,Thailand,4,48391,Medium
MongoDB,Thailand,4,48391,Medium
Node.js,Thailand,4,40389,Medium
Azure,Thailand,4,40389,Medium
Express.js,Thailand,4,40389,Medium
Git,Thailand,4,40389,Medium
Django,Thailand,4,40389,Medium
React,Thailand,4,40389,Medium
Kubernetes,Thailand,4,40389,Medium
Spring Boot,Indonesia,5,28006,Medium
Docker,Indonesia,5,28006,Medium
PostgreSQL,Indonesia,5,28006,Medium
Node.js,Indonesia,5,28006,Medium
AWS,Singapore,11,72816,Small
PostgreSQL,Singapore,11,72816,Small
MySQL,Singapore,11,72816,Small
Django,Singapore,11,72816,Small
Vue.js,Singapore,11,72816,Small
TypeScript,Singapore,11,72816,Small
MongoDB,Singapore,11,72816,Small
Django,Malaysia,3,40107,Small
C++,Malaysia,3,40107,Small
Express.js,Malaysia,3,40107,Small
MySQL,Malaysia,3,40107,Small
Kubernetes,Malaysia,3,40107,Small
JavaScript,Malaysia,3,40107,Small
Vue.js,Malaysia,3,40107,Small
Angular,Malaysia,10,60905,Medium
AWS,Malaysia,10,60905,Medium
Git,Malaysia,10,60905,Medium
C++,Malaysia,10,60905,Medium
JavaScript,Thailand,12,29151,Small
Vue.js,Thailand,12,29151,Small
Kubernetes,Thailand,12,29151,Small
React,Thailand,12,29151,Small
C++,Thailand,12,29151,Small
Laravel,Thailand,12,29151,Small
Express.js,Thailand,12,29151,Small
MongoDB,Thailand,12,29151,Small
C#,Malaysia,12,98147,Small
Angular,Malaysia,12,98147,Small
C++,Malaysia,12,98147,Small
Spring Boot,Malaysia,12,98147,Small
TypeScript,Malaysia,12,98147,Small
MySQL,Malaysia,12,98147,Small
PostgreSQL,Indonesia,8,100117,Large
Angular,Indonesia,8,100117,Large
Docker,Indonesia,8,100117,Large
Git,Indonesia,8,100117,Large
Python,Indonesia,8,100117,Large
Azure,Indonesia,8,100117,Large
Kubernetes,Indonesia,5,115139,Medium
React,Indonesia,5,115139,Medium
PostgreSQL,Indonesia,5,115139,Medium
Java,Indonesia,5,115139,Medium
Node.js,Indonesia,5,115139,Medium
C++,Indonesia,5,115139,Medium
Vue.js,Indonesia,5,115139,Medium
MySQL,Indonesia,5,115139,Medium
Django,Malaysia,10,107628,Large
Docker,Malaysia,10,107628,Large
Kubernetes,Malaysia,10,107628,Large
Azure,Malaysia,10,107628,Large
MongoDB,Malaysia,10,107628,Large
AWS,Malaysia,10,107628,Large
PostgreSQL,Malaysia,8,49626,Small
MySQL,Malaysia,8,49626,Small
Spring Boot,Malaysia,8,49626,Small
Vue.js,Malaysia,8,49626,Small
TypeScript,Malaysia,8,49626,Small
Angular,Malaysia,8,49626,Small
Java,Singapore,5,94426,Large
Laravel,Singapore,5,94426,Large
Spring Boot,Singapore,5,94426,Large
TypeScript,Singapore,5,94426,Large
Python,Singapore,5,94426,Large
Node.js,Singapore,5,94426,Large
C#,Singapore,5,94426,Large
JavaScript,Singapore,5,94426,Large
React,Indonesia,12,85036,Large
Docker,Indonesia,12,85036,Large
Java,Indonesia,12,85036,Large
MongoDB,Indonesia,3,116603,Medium
Java,Indonesia,3,116603,Medium
Vue.js,Indonesia,3,116603,Medium
Python,Indonesia,3,116603,Medium
Angular,Malaysia,9,87020,Medium
MySQL,Malaysia,9,87020,Medium
JavaScript,Malaysia,9,87020,Medium
AWS,Malaysia,9,87020,Medium
MongoDB,Malaysia,9,87020,Medium
Vue.js,Malaysia,9,87020,Medium
Azure,Malaysia,9,87020,Medium
C#,Singapore,5,48842,Large
PHP,Singapore,5,48842,Large
MongoDB,Singapore,5,48842,Large
Spring Boot,Singapore,5,48842,Large
Express.js,Singapore,5,48842,Large
Python,Singapore,5,48842,Large
MySQL,Singapore,5,48842,Large
TypeScript,Singapore,5,48842,Large
C#,Indonesia,10,40954,Small
PostgreSQL,Indonesia,10,40954,Small
MySQL,Indonesia,10,40954,Small
Docker,Indonesia,10,40954,Small
Angular,Indonesia,10,40954,Small
C++,Indonesia,10,40954,Small
PHP,Indonesia,10,40954,Small
Kubernetes,Indonesia,10,40954,Small
Docker,Indonesia,10,115065,Medium
MongoDB,Indonesia,10,115065,Medium
C#,Indonesia,10,115065,Medium
Node.js,Indonesia,10,115065,Medium
C++,Indonesia,10,115065,Medium
React,Indonesia,10,115065,Medium
Linux,Indonesia,10,115065,Medium
Java,Singapore,4,44094,Medium
Python,Singapore,4,44094,Medium
C#,Singapore,4,44094,Medium
PHP,Singapore,4,44094,Medium
PostgreSQL,Thailand,3,18983,Large
Azure,Thailand,3,18983,Large
Docker,Thailand,3,18983,Large
Linux,Thailand,13,39608,Medium
Java,Thailand,13,39608,Medium
Node.js,Thailand,13,39608,Medium
Laravel,Thailand,13,39608,Medium
Git,Thailand,13,39608,Medium
MySQL,Thailand,13,39608,Medium
Docker,Thailand,13,39608,Medium
JavaScript,Thailand,13,39608,Medium
Kubernetes,Singapore,15,92356,Small
Vue.js,Singapore,15,92356,Small
C#,Singapore,15,92356,Small
PostgreSQL,Singapore,15,92356,Small
TypeScript,Singapore,15,92356,Small
JavaScript,Singapore,15,92356,Small
